Start,Loc,Duration,dtime,Status,Calendar
2015-01-01 00:00:00,,24.0,DAY,CLOSED,HUB Oakland Events
2015-01-01 10:00:00,GALLERY,10.0,DAY,CLOSED,Conference Room
2015-01-02 08:00:00,MERIDIAN,11.0,DAY,,Conference Room
2015-01-02 12:30:00,KITCHEN,1.0,DAY,,HUB Oakland Events
2015-01-02 14:00:00,GALLERY,4.0,DAY,CLOSED,Conference Room
2015-01-04 09:00:00,GALLERY,3.0,DAY,HOLD,Conference Room
2015-01-05 10:00:00,UPTOWN,2.0,DAY,,Conference Room
2015-01-05 14:00:00,UPTOWN,1.5,DAY,,Conference Room
2015-01-05 15:00:00,MEDITATION,0.5,DAY,,HUB Oakland Events
2015-01-05 16:00:00,UPTOWN,1.0,DAY,,Conference Room
2015-01-05 17:00:00,MERIDIAN,3.0,DAY,,Conference Room
2015-01-05 17:30:00,UPTOWN,1.0,EVENING,,Conference Room
2015-01-06 09:00:00,EAST_OAK,3.0,DAY,,Conference Room
2015-01-06 12:00:00,EAST_OAK,0.5,DAY,,Conference Room
2015-01-06 13:00:00,UPTOWN,2.0,DAY,,Conference Room
2015-01-06 13:00:00,WEST_OAK,2.0,DAY,,Conference Room
2015-01-06 13:00:00,GALLERY,2.0,DAY,,Conference Room
2015-01-06 13:00:00,UPTOWN,1.0,DAY,,Conference Room
2015-01-06 13:00:00,WEST_OAK,1.0,DAY,,Conference Room
2015-01-06 13:00:00,GALLERY,1.0,DAY,,Conference Room
2015-01-06 15:00:00,MERIDIAN,2.0,DAY,,Conference Room
2015-01-06 16:00:00,UPTOWN,2.0,DAY,,Conference Room
2015-01-06 16:00:00,DOWNTOWN,2.0,DAY,,Conference Room
2015-01-06 16:00:00,UPTOWN,1.5,DAY,,Conference Room
2015-01-06 16:00:00,DOWNTOWN,1.5,DAY,,Conference Room
2015-01-06 18:30:00,GALLERY,1.5,EVENING,,Conference Room
2015-01-07 09:30:00,UPTOWN,3.5,DAY,,Conference Room
2015-01-07 11:00:00,MERIDIAN,2.0,DAY,,Conference Room
2015-01-07 13:00:00,MERIDIAN,4.0,DAY,,Conference Room
2015-01-07 14:15:00,EAST_OAK,1.5,DAY,,Conference Room
2015-01-07 14:30:00,EAST_OAK,2.0,DAY,,Conference Room
2015-01-07 17:30:00,GALLERY,1.75,EVENING,,Conference Room
2015-01-07 18:00:00,EAST_OAK,1.5,EVENING,,Conference Room
2015-01-08 09:00:00,GALLERY,3.0,DAY,,Conference Room
2015-01-08 10:00:00,EAST_OAK,7.0,DAY,,Conference Room
2015-01-08 12:00:00,UPTOWN,2.0,DAY,,Conference Room
2015-01-08 13:00:00,DOWNTOWN,3.0,DAY,,Conference Room
2015-01-09 08:00:00,UPTOWN,11.0,DAY,,Conference Room
2015-01-09 08:00:00,MERIDIAN,11.0,DAY,,Conference Room
2015-01-09 09:00:00,GALLERY,7.0,DAY,,Conference Room
2015-01-09 10:00:00,MERIDIAN,7.0,DAY,,Conference Room
2015-01-09 10:00:00,EAST_OAK,7.0,DAY,,Conference Room
2015-01-09 10:00:00,MERIDIAN,1.25,DAY,,Conference Room
2015-01-09 10:00:00,EAST_OAK,1.25,DAY,,Conference Room
2015-01-09 11:15:00,EAST_OAK,1.25,DAY,,Conference Room
2015-01-09 12:30:00,KITCHEN,1.0,DAY,,HUB Oakland Events
2015-01-09 13:30:00,EAST_OAK,1.0,DAY,,Conference Room
2015-01-09 16:00:00,EAST_OAK,1.0,DAY,,Conference Room
2015-01-09 17:30:00,MERIDIAN,5.0,EVENING,,Conference Room
2015-01-09 19:00:00,BROADWAY,3.0,EVENING,,HUB Oakland Events
2015-01-09 19:00:00,GALLERY,3.0,EVENING,,HUB Oakland Events
2015-01-09 19:00:00,BROADWAY,3.0,EVENING,,Conference Room
2015-01-09 19:00:00,GALLERY,3.0,EVENING,,Conference Room
2015-01-10 08:30:00,GALLERY,9.0,DAY,,Conference Room
2015-01-10 08:30:00,MERIDIAN,9.0,DAY,,Conference Room
2015-01-10 10:00:00,MERIDIAN,7.0,DAY,,Conference Room
2015-01-10 11:00:00,BROADWAY,6.5,DAY,,HUB Oakland Events
2015-01-11 10:00:00,MERIDIAN,7.0,DAY,,Conference Room
2015-01-12 10:00:00,GALLERY,2.0,DAY,,Conference Room
2015-01-12 11:00:00,UPTOWN,5.0,DAY,,Conference Room
2015-01-12 11:00:00,MERIDIAN,5.0,DAY,,Conference Room
2015-01-12 11:00:00,EAST_OAK,5.0,DAY,,Conference Room
2015-01-12 11:00:00,UPTOWN,1.0,DAY,,Conference Room
2015-01-12 11:00:00,MERIDIAN,1.0,DAY,,Conference Room
2015-01-12 11:00:00,EAST_OAK,1.0,DAY,,Conference Room
2015-01-12 11:00:00,UPTOWN,2.0,DAY,,Conference Room
2015-01-12 11:00:00,MERIDIAN,2.0,DAY,,Conference Room
2015-01-12 11:00:00,EAST_OAK,2.0,DAY,,Conference Room
2015-01-12 13:00:00,EAST_OAK,2.0,DAY,,Conference Room
2015-01-12 15:00:00,EAST_OAK,1.0,DAY,,Conference Room
2015-01-12 15:00:00,MEDITATION,1.0,DAY,,Conference Room
2015-01-12 15:00:00,EAST_OAK,0.5,DAY,,HUB Oakland Events
2015-01-12 15:00:00,MEDITATION,0.5,DAY,,HUB Oakland Events
2015-01-13 12:00:00,GALLERY,5.5,DAY,,Conference Room
2015-01-13 14:00:00,UPTOWN,1.0,DAY,,Conference Room
2015-01-13 14:15:00,MERIDIAN,2.25,DAY,,Conference Room
2015-01-13 16:00:00,UPTOWN,2.0,DAY,,Conference Room
2015-01-13 17:30:00,GALLERY,1.5,EVENING,,Conference Room
2015-01-13 17:30:00,DOWNTOWN,1.5,EVENING,,Conference Room
2015-01-13 17:30:00,MERIDIAN,1.5,EVENING,,Conference Room
2015-01-13 17:30:00,GALLERY,3.0,EVENING,,Conference Room
2015-01-13 17:30:00,DOWNTOWN,3.0,EVENING,,Conference Room
2015-01-13 17:30:00,MERIDIAN,3.0,EVENING,,Conference Room
2015-01-13 17:30:00,GALLERY,4.0,EVENING,,Conference Room
2015-01-13 17:30:00,DOWNTOWN,4.0,EVENING,,Conference Room
2015-01-13 17:30:00,MERIDIAN,4.0,EVENING,,Conference Room
2015-01-14 08:00:00,MERIDIAN,9.0,DAY,,Conference Room
2015-01-14 09:30:00,UPTOWN,3.5,DAY,,Conference Room
2015-01-14 13:00:00,GALLERY,2.0,DAY,,Conference Room
2015-01-14 13:00:00,GALLERY,2.0,DAY,,Conference Room
2015-01-14 13:00:00,GALLERY,1.5,DAY,,Conference Room
2015-01-14 13:00:00,GALLERY,1.5,DAY,,Conference Room
2015-01-14 13:15:00,UPTOWN,3.0,DAY,,Conference Room
2015-01-14 14:15:00,EAST_OAK,1.5,DAY,,Conference Room
2015-01-14 15:00:00,DOWNTOWN,1.0,DAY,,Conference Room
2015-01-14 17:30:00,GALLERY,1.75,EVENING,,Conference Room
2015-01-14 18:00:00,BROADWAY,2.5,EVENING,,HUB Oakland Events
2015-01-15 08:30:00,MERIDIAN,10.0,DAY,,Conference Room
2015-01-15 09:00:00,UPTOWN,7.0,DAY,,Conference Room
2015-01-15 09:00:00,DOWNTOWN,7.0,DAY,,Conference Room
2015-01-15 09:00:00,UPTOWN,7.0,DAY,,Conference Room
2015-01-15 09:00:00,DOWNTOWN,7.0,DAY,,Conference Room
2015-01-15 10:00:00,GALLERY,1.0,DAY,,Conference Room
2015-01-15 10:00:00,GALLERY,2.75,DAY,,Conference Room
2015-01-15 13:00:00,GALLERY,1.5,DAY,,Conference Room
2015-01-15 16:00:00,GALLERY,1.5,DAY,,HUB Oakland Events
2015-01-15 16:00:00,GALLERY,1.5,DAY,,HUB Oakland Events
2015-01-15 16:00:00,GALLERY,1.5,DAY,,Conference Room
2015-01-15 16:00:00,GALLERY,1.5,DAY,,Conference Room
2015-01-15 18:30:00,BROADWAY,2.0,EVENING,,HUB Oakland Events
2015-01-15 18:30:00,GALLERY,2.0,EVENING,,HUB Oakland Events
2015-01-15 18:30:00,ATRIUM,2.0,EVENING,,HUB Oakland Events
2015-01-15 18:30:00,JINGLETOWN,2.0,EVENING,,HUB Oakland Events
2015-01-15 18:30:00,UPTOWN,2.0,EVENING,,HUB Oakland Events
2015-01-16 08:00:00,MERIDIAN,10.0,DAY,,Conference Room
2015-01-16 09:00:00,DOWNTOWN,9.0,DAY,,Conference Room
2015-01-16 11:00:00,UPTOWN,7.0,DAY,,Conference Room
2015-01-16 12:30:00,KITCHEN,1.0,DAY,,HUB Oakland Events
2015-01-16 13:00:00,GALLERY,1.5,DAY,,Conference Room
2015-01-16 15:00:00,GALLERY,3.0,DAY,,Conference Room
2015-01-16 19:00:00,GALLERY,2.0,EVENING,,HUB Oakland Events
2015-01-16 19:00:00,ATRIUM,2.0,EVENING,,HUB Oakland Events
2015-01-16 19:30:00,BROADWAY,3.5,EVENING,,HUB Oakland Events
2015-01-17 09:00:00,ATRIUM,7.5,DAY,,HUB Oakland Events
2015-01-17 09:00:00,MERIDIAN,7.5,DAY,,HUB Oakland Events
2015-01-17 09:00:00,ATRIUM,8.5,DAY,,Conference Room
2015-01-17 09:00:00,MERIDIAN,8.5,DAY,,Conference Room
2015-01-17 17:00:00,BROADWAY,7.0,DAY,CLOSED,Conference Room
2015-01-17 17:00:00,GALLERY,7.0,DAY,CLOSED,Conference Room
2015-01-17 17:00:00,DOWNTOWN,7.0,DAY,CLOSED,Conference Room
2015-01-17 19:00:00,BROADWAY,4.0,EVENING,,HUB Oakland Events
2015-01-17 19:00:00,GALLERY,4.0,EVENING,,HUB Oakland Events
2015-01-17 19:00:00,DOWNTOWN,4.0,EVENING,,HUB Oakland Events
2015-01-18 09:00:00,DOWNTOWN,4.0,DAY,,Conference Room
2015-01-18 14:00:00,GALLERY,0.75,DAY,,Conference Room
2015-01-19 10:00:00,UPTOWN,2.0,DAY,,Conference Room
2015-01-19 13:00:00,EAST_OAK,2.0,DAY,,Conference Room
2015-01-19 15:00:00,MEDITATION,0.5,DAY,,HUB Oakland Events
2015-01-19 17:30:00,GALLERY,1.5,EVENING,,HUB Oakland Events
2015-01-20 08:30:00,MERIDIAN,1.5,DAY,,Conference Room
2015-01-20 10:00:00,EAST_OAK,3.0,DAY,,Conference Room
2015-01-20 10:00:00,MERIDIAN,3.0,DAY,,Conference Room
2015-01-20 10:00:00,EAST_OAK,3.0,DAY,,Conference Room
2015-01-20 10:00:00,MERIDIAN,3.0,DAY,,Conference Room
2015-01-20 13:00:00,MERIDIAN,3.0,DAY,,Conference Room
2015-01-20 13:00:00,DOWNTOWN,3.0,DAY,,Conference Room
2015-01-20 13:00:00,GALLERY,3.0,DAY,,Conference Room
2015-01-20 13:00:00,MERIDIAN,4.0,DAY,,Conference Room
2015-01-20 13:00:00,DOWNTOWN,4.0,DAY,,Conference Room
2015-01-20 13:00:00,GALLERY,4.0,DAY,,Conference Room
2015-01-20 13:00:00,MERIDIAN,1.5,DAY,,Conference Room
2015-01-20 13:00:00,DOWNTOWN,1.5,DAY,,Conference Room
2015-01-20 13:00:00,GALLERY,1.5,DAY,,Conference Room
2015-01-20 16:00:00,GALLERY,1.5,DAY,,Conference Room
2015-01-20 17:30:00,DOWNTOWN,1.0,EVENING,,Conference Room
2015-01-20 17:30:00,MERIDIAN,1.0,EVENING,,Conference Room
2015-01-20 17:30:00,DOWNTOWN,4.0,EVENING,,Conference Room
2015-01-20 17:30:00,MERIDIAN,4.0,EVENING,,Conference Room
2015-01-21 09:30:00,UPTOWN,3.5,DAY,,Conference Room
2015-01-21 10:00:00,EAST_OAK,0.75,DAY,,Conference Room
2015-01-21 10:00:00,MERIDIAN,0.75,DAY,,Conference Room
2015-01-21 10:00:00,EAST_OAK,3.0,DAY,,Conference Room
2015-01-21 10:00:00,MERIDIAN,3.0,DAY,,Conference Room
2015-01-21 13:00:00,GALLERY,0.5,DAY,,Conference Room
2015-01-21 14:00:00,UPTOWN,1.5,DAY,,Conference Room
2015-01-21 14:00:00,MERIDIAN,1.5,DAY,,Conference Room
2015-01-21 14:00:00,UPTOWN,4.0,DAY,,Conference Room
2015-01-21 14:00:00,MERIDIAN,4.0,DAY,,Conference Room
2015-01-21 14:15:00,EAST_OAK,1.5,DAY,,Conference Room
2015-01-21 16:00:00,UPTOWN,2.0,DAY,,Conference Room
2015-01-21 17:30:00,GALLERY,1.75,EVENING,,Conference Room
2015-01-21 18:00:00,EAST_OAK,1.0,EVENING,,Conference Room
2015-01-21 18:30:00,ATRIUM,2.0,EVENING,HOLD,HUB Oakland Events
2015-01-21 18:30:00,UPTOWN,2.0,EVENING,HOLD,HUB Oakland Events
2015-01-21 18:30:00,ATRIUM,1.0,EVENING,HOLD,Conference Room
2015-01-21 18:30:00,UPTOWN,1.0,EVENING,HOLD,Conference Room
2015-01-22 09:30:00,GALLERY,1.25,DAY,,Conference Room
2015-01-22 11:00:00,MERIDIAN,1.0,DAY,,Conference Room
2015-01-22 11:30:00,GALLERY,1.5,DAY,,Conference Room
2015-01-22 12:00:00,UPTOWN,1.0,DAY,,Conference Room
2015-01-22 13:00:00,MEDITATION,2.0,DAY,,Conference Room
2015-01-22 13:00:00,MERIDIAN,2.0,DAY,,Conference Room
2015-01-22 13:00:00,MEDITATION,3.0,DAY,,Conference Room
2015-01-22 13:00:00,MERIDIAN,3.0,DAY,,Conference Room
2015-01-22 15:00:00,GALLERY,3.0,DAY,,Conference Room
2015-01-22 15:00:00,DOWNTOWN,3.0,DAY,,Conference Room
2015-01-22 15:00:00,GALLERY,4.0,DAY,,Conference Room
2015-01-22 15:00:00,DOWNTOWN,4.0,DAY,,Conference Room
2015-01-22 18:30:00,UPTOWN,1.5,EVENING,,Conference Room
2015-01-23 08:00:00,MERIDIAN,14.0,DAY,,Conference Room
2015-01-23 09:00:00,GALLERY,2.0,DAY,,Conference Room
2015-01-23 09:00:00,UPTOWN,2.0,DAY,,Conference Room
2015-01-23 09:00:00,GALLERY,8.5,DAY,,Conference Room
2015-01-23 09:00:00,UPTOWN,8.5,DAY,,Conference Room
2015-01-23 11:00:00,GALLERY,2.0,DAY,,Conference Room
2015-01-23 11:30:00,DOWNTOWN,1.0,DAY,,Conference Room
2015-01-23 12:30:00,KITCHEN,1.0,DAY,,HUB Oakland Events
2015-01-23 13:00:00,GALLERY,1.5,DAY,,Conference Room
2015-01-23 14:00:00,MEDITATION,2.0,DAY,,HUB Oakland Events
2015-01-23 19:00:00,BROADWAY,3.0,EVENING,,HUB Oakland Events
2015-01-24 09:00:00,MERIDIAN,8.0,DAY,,Conference Room
2015-01-25 00:00:00,,24.0,DAY,,HUB Oakland Events
2015-01-25 09:00:00,DOWNTOWN,4.0,DAY,,Conference Room
2015-01-26 10:00:00,UPTOWN,2.0,DAY,,Conference Room
2015-01-26 12:30:00,MERIDIAN,5.0,DAY,,Conference Room
2015-01-26 15:00:00,MEDITATION,0.5,DAY,,HUB Oakland Events
2015-01-26 17:30:00,GALLERY,4.0,EVENING,,Conference Room
2015-01-26 18:00:00,EAST_OAK,2.0,EVENING,,Conference Room
2015-01-26 18:30:00,MERIDIAN,1.0,EVENING,,Conference Room
2015-01-27 10:00:00,EAST_OAK,1.5,DAY,,Conference Room
2015-01-27 13:00:00,EAST_OAK,5.5,DAY,,Conference Room
2015-01-27 14:00:00,UPTOWN,2.0,DAY,,Conference Room
2015-01-27 14:00:00,MERIDIAN,2.0,DAY,,Conference Room
2015-01-27 14:00:00,UPTOWN,2.0,DAY,,Conference Room
2015-01-27 14:00:00,MERIDIAN,2.0,DAY,,Conference Room
2015-01-27 16:00:00,GALLERY,2.5,DAY,,Conference Room
2015-01-27 16:30:00,UPTOWN,3.0,DAY,HOLD,Conference Room
2015-01-27 17:30:00,MERIDIAN,4.0,EVENING,,Conference Room
2015-01-27 18:00:00,EAST_OAK,2.0,EVENING,HOLD,Conference Room
2015-01-27 19:00:00,GALLERY,2.0,EVENING,,Conference Room
2015-01-27 19:00:00,JINGLETOWN,2.0,EVENING,,Conference Room
2015-01-27 19:00:00,GALLERY,2.0,EVENING,,HUB Oakland Events
2015-01-27 19:00:00,JINGLETOWN,2.0,EVENING,,HUB Oakland Events
2015-01-28 09:30:00,UPTOWN,3.5,DAY,,Conference Room
2015-01-28 12:30:00,,1.0,DAY,,HUB Oakland Events
2015-01-28 13:00:00,UPTOWN,2.0,DAY,,Conference Room
2015-01-28 15:00:00,UPTOWN,2.0,DAY,,Conference Room
2015-01-28 17:30:00,GALLERY,1.75,EVENING,,Conference Room
2015-01-29 09:00:00,EAST_OAK,8.0,DAY,,Conference Room
2015-01-29 10:00:00,UPTOWN,6.0,DAY,,Conference Room
2015-01-29 10:00:00,MERIDIAN,6.0,DAY,,Conference Room
2015-01-29 10:00:00,UPTOWN,10.0,DAY,,Conference Room
2015-01-29 10:00:00,MERIDIAN,10.0,DAY,,Conference Room
2015-01-29 11:00:00,GALLERY,2.0,DAY,,Conference Room
2015-01-29 13:30:00,GALLERY,1.5,DAY,,Conference Room
2015-01-29 17:30:00,GALLERY,5.5,EVENING,,Conference Room
2015-01-29 17:30:00,ATRIUM,5.5,EVENING,,Conference Room
2015-01-29 18:30:00,GALLERY,3.5,EVENING,,HUB Oakland Events
2015-01-29 18:30:00,ATRIUM,3.5,EVENING,,HUB Oakland Events
2015-01-30 09:30:00,UPTOWN,2.0,DAY,,Conference Room
2015-01-30 10:00:00,MERIDIAN,7.0,DAY,,Conference Room
2015-01-30 11:30:00,EAST_OAK,2.5,DAY,,Conference Room
2015-01-30 11:45:00,UPTOWN,3.25,DAY,,Conference Room
2015-01-30 12:00:00,GALLERY,3.0,DAY,,Conference Room
2015-01-30 12:30:00,KITCHEN,1.0,DAY,,HUB Oakland Events
2015-01-30 15:15:00,,1.5,DAY,,Conference Room
2015-01-31 09:00:00,BROADWAY,3.0,DAY,,HUB Oakland Events
2015-01-31 10:00:00,MERIDIAN,7.0,DAY,,Conference Room
2015-01-31 17:00:00,BROADWAY,5.0,DAY,,HUB Oakland Events
2015-02-01 09:00:00,DOWNTOWN,4.0,DAY,,Conference Room
2015-02-01 10:00:00,MERIDIAN,7.0,DAY,,Conference Room
2015-02-02 10:00:00,UPTOWN,2.0,DAY,,Conference Room
2015-02-02 11:00:00,MERIDIAN,2.0,DAY,,HUB Oakland Events
2015-02-02 11:00:00,MERIDIAN,2.0,DAY,,Conference Room
2015-02-02 11:30:00,EAST_OAK,1.0,DAY,,Conference Room
2015-02-02 12:30:00,UPTOWN,5.5,DAY,,Conference Room
2015-02-02 15:00:00,MEDITATION,0.5,DAY,,HUB Oakland Events
2015-02-02 17:00:00,MERIDIAN,3.0,DAY,,Conference Room
2015-02-02 17:30:00,GALLERY,4.0,EVENING,,Conference Room
2015-02-03 10:00:00,UPTOWN,3.0,DAY,,Conference Room
2015-02-03 12:00:00,DOWNTOWN,3.0,DAY,,Conference Room
2015-02-03 15:00:00,MERIDIAN,2.0,DAY,,Conference Room
2015-02-03 17:30:00,MERIDIAN,4.0,EVENING,,Conference Room
2015-02-03 17:30:00,DOWNTOWN,4.0,EVENING,,Conference Room
2015-02-03 17:30:00,MERIDIAN,1.0,EVENING,,Conference Room
2015-02-03 17:30:00,DOWNTOWN,1.0,EVENING,,Conference Room
2015-02-04 10:00:00,MERIDIAN,2.0,DAY,,Conference Room
2015-02-04 11:00:00,DOWNTOWN,2.0,DAY,,Conference Room
2015-02-04 14:15:00,EAST_OAK,1.5,DAY,,Conference Room
2015-02-04 17:30:00,DOWNTOWN,1.0,EVENING,,Conference Room
2015-02-04 17:30:00,GALLERY,1.0,EVENING,,Conference Room
2015-02-04 17:30:00,DOWNTOWN,1.75,EVENING,,Conference Room
2015-02-04 17:30:00,GALLERY,1.75,EVENING,,Conference Room
2015-02-05 09:30:00,UPTOWN,1.5,DAY,,Conference Room
2015-02-05 10:00:00,MERIDIAN,10.0,DAY,,Conference Room
2015-02-05 14:00:00,EAST_OAK,0.75,DAY,,Conference Room
2015-02-05 14:00:00,MERIDIAN,0.75,DAY,,Conference Room
2015-02-05 14:00:00,EAST_OAK,2.0,DAY,,Conference Room
2015-02-05 14:00:00,MERIDIAN,2.0,DAY,,Conference Room
2015-02-05 15:00:00,UPTOWN,2.0,DAY,,Conference Room
2015-02-05 15:00:00,GALLERY,2.0,DAY,,Conference Room
2015-02-05 15:00:00,UPTOWN,3.0,DAY,,Conference Room
2015-02-05 15:00:00,GALLERY,3.0,DAY,,Conference Room
2015-02-05 17:00:00,MERIDIAN,3.0,DAY,,HUB Oakland Events
2015-02-05 17:00:00,MERIDIAN,4.0,DAY,,HUB Oakland Events
2015-02-05 17:30:00,BROADWAY,4.0,EVENING,,HUB Oakland Events
2015-02-06 09:30:00,EAST_OAK,1.0,DAY,,Conference Room
2015-02-06 09:30:00,MERIDIAN,1.0,DAY,,Conference Room
2015-02-06 09:30:00,EAST_OAK,1.5,DAY,,Conference Room
2015-02-06 09:30:00,MERIDIAN,1.5,DAY,,Conference Room
2015-02-06 10:00:00,UPTOWN,6.0,DAY,,Conference Room
2015-02-06 12:30:00,KITCHEN,1.0,DAY,,HUB Oakland Events
2015-02-06 15:00:00,EAST_OAK,1.0,DAY,,Conference Room
2015-02-06 16:00:00,ATRIUM,1.0,DAY,CLOSED,HUB Oakland Events
2015-02-06 17:30:00,ATRIUM,3.5,EVENING,,HUB Oakland Events
2015-02-06 18:00:00,GALLERY,4.0,EVENING,,HUB Oakland Events
2015-02-07 13:00:00,EAST_OAK,2.0,DAY,,Conference Room
2015-02-08 09:00:00,DOWNTOWN,4.0,DAY,,Conference Room
2015-02-09 10:00:00,UPTOWN,2.0,DAY,,Conference Room
2015-02-09 10:00:00,DOWNTOWN,2.0,DAY,,Conference Room
2015-02-09 10:00:00,UPTOWN,2.0,DAY,,Conference Room
2015-02-09 10:00:00,DOWNTOWN,2.0,DAY,,Conference Room
2015-02-09 11:15:00,GALLERY,2.0,DAY,,Conference Room
2015-02-09 12:00:00,GALLERY,2.0,DAY,,Conference Room
2015-02-09 13:30:00,EAST_OAK,2.0,DAY,,Conference Room
2015-02-09 14:00:00,UPTOWN,1.0,DAY,,Conference Room
2015-02-09 15:00:00,MEDITATION,0.5,DAY,,HUB Oakland Events
2015-02-09 17:30:00,MERIDIAN,4.0,EVENING,,Conference Room
2015-02-09 18:00:00,UPTOWN,2.0,EVENING,,Conference Room
2015-02-09 18:30:00,GALLERY,2.0,EVENING,,Conference Room
2015-02-09 19:00:00,EAST_OAK,3.0,EVENING,,Conference Room
2015-02-10 09:00:00,UPTOWN,3.0,DAY,,Conference Room
2015-02-10 10:00:00,EAST_OAK,4.0,DAY,,Conference Room
2015-02-10 17:00:00,GALLERY,2.5,DAY,,Conference Room
2015-02-10 17:30:00,MERIDIAN,4.0,EVENING,,Conference Room
2015-02-10 17:30:00,BROADWAY,4.0,EVENING,,Conference Room
2015-02-10 17:30:00,MERIDIAN,4.0,EVENING,,HUB Oakland Events
2015-02-10 17:30:00,BROADWAY,4.0,EVENING,,HUB Oakland Events
2015-02-10 18:30:00,UPTOWN,2.0,EVENING,,Conference Room
2015-02-11 08:00:00,UPTOWN,2.0,DAY,,Conference Room
2015-02-11 09:30:00,GALLERY,2.5,DAY,,Conference Room
2015-02-11 10:00:00,UPTOWN,1.0,DAY,,Conference Room
2015-02-11 10:00:00,MERIDIAN,1.0,DAY,,Conference Room
2015-02-11 10:00:00,UPTOWN,2.0,DAY,,Conference Room
2015-02-11 10:00:00,MERIDIAN,2.0,DAY,,Conference Room
2015-02-11 12:30:00,EAST_OAK,1.5,DAY,,Conference Room
2015-02-11 12:30:00,GALLERY,1.5,DAY,,Conference Room
2015-02-11 12:30:00,EAST_OAK,1.5,DAY,,Conference Room
2015-02-11 12:30:00,GALLERY,1.5,DAY,,Conference Room
2015-02-11 14:15:00,EAST_OAK,1.5,DAY,,Conference Room
2015-02-11 14:30:00,MERIDIAN,1.0,DAY,,Conference Room
2015-02-11 15:00:00,GALLERY,1.0,DAY,,Conference Room
2015-02-11 17:00:00,GALLERY,1.0,DAY,CLOSED,HUB Oakland Events
2015-02-11 17:30:00,DOWNTOWN,1.75,EVENING,,Conference Room
2015-02-11 18:00:00,UPTOWN,4.0,EVENING,,Conference Room
2015-02-12 07:30:00,GALLERY,1.0,DAY,CLOSED,HUB Oakland Events
2015-02-12 08:30:00,GALLERY,2.0,DAY,,HUB Oakland Events
2015-02-12 09:00:00,DOWNTOWN,9.0,DAY,,Conference Room
2015-02-12 09:30:00,UPTOWN,1.5,DAY,,Conference Room
2015-02-12 10:30:00,GALLERY,1.5,DAY,,Conference Room
2015-02-12 12:00:00,MERIDIAN,1.0,DAY,,Conference Room
2015-02-12 12:00:00,UPTOWN,1.0,DAY,,Conference Room
2015-02-12 12:00:00,MERIDIAN,3.0,DAY,,Conference Room
2015-02-12 12:00:00,UPTOWN,3.0,DAY,,Conference Room
2015-02-12 13:00:00,GALLERY,1.0,DAY,,Conference Room
2015-02-12 17:00:00,BROADWAY,1.5,DAY,CLOSED,HUB Oakland Events
2015-02-12 17:30:00,GALLERY,1.0,EVENING,CLOSED,HUB Oakland Events
2015-02-12 18:00:00,BROADWAY,2.0,EVENING,,HUB Oakland Events
2015-02-12 18:15:00,MERIDIAN,2.5,EVENING,,Conference Room
2015-02-12 18:30:00,GALLERY,2.0,EVENING,,HUB Oakland Events
2015-02-12 20:00:00,BROADWAY,1.0,EVENING,,HUB Oakland Events
2015-02-12 20:30:00,GALLERY,0.5,EVENING,,HUB Oakland Events
2015-02-13 08:30:00,MERIDIAN,10.0,DAY,,Conference Room
2015-02-13 09:00:00,EAST_OAK,3.0,DAY,,Conference Room
2015-02-13 11:00:00,GALLERY,4.0,DAY,,Conference Room
2015-02-13 12:30:00,KITCHEN,1.0,DAY,,HUB Oakland Events
2015-02-13 13:00:00,EAST_OAK,2.0,DAY,,Conference Room
2015-02-13 15:30:00,UPTOWN,1.5,DAY,,Conference Room
2015-02-13 17:00:00,BROADWAY,1.5,DAY,CLOSED,HUB Oakland Events
2015-02-13 17:00:00,MEDITATION,1.5,DAY,CLOSED,HUB Oakland Events
2015-02-13 18:00:00,BROADWAY,4.0,EVENING,,HUB Oakland Events
2015-02-13 18:00:00,GALLERY,4.0,EVENING,,HUB Oakland Events
2015-02-13 18:00:00,MERIDIAN,4.0,EVENING,,HUB Oakland Events
2015-02-13 18:00:00,GALLERY,4.0,EVENING,,HUB Oakland Events
2015-02-13 18:00:00,BROADWAY,3.0,EVENING,,Conference Room
2015-02-13 18:00:00,GALLERY,3.0,EVENING,,Conference Room
2015-02-13 18:00:00,MERIDIAN,3.0,EVENING,,Conference Room
2015-02-13 18:00:00,GALLERY,3.0,EVENING,,Conference Room
2015-02-13 18:00:00,BROADWAY,1.0,EVENING,,Conference Room
2015-02-13 18:00:00,GALLERY,1.0,EVENING,,Conference Room
2015-02-13 18:00:00,MERIDIAN,1.0,EVENING,,Conference Room
2015-02-13 18:00:00,GALLERY,1.0,EVENING,,Conference Room
2015-02-13 22:00:00,BROADWAY,1.5,EVENING,,HUB Oakland Events
2015-02-14 16:30:00,BROADWAY,1.5,DAY,CLOSED,HUB Oakland Events
2015-02-14 16:30:00,MEDITATION,1.5,DAY,CLOSED,HUB Oakland Events
2015-02-14 18:00:00,BROADWAY,3.0,EVENING,,HUB Oakland Events
2015-02-14 21:00:00,BROADWAY,1.0,EVENING,,HUB Oakland Events
2015-02-15 09:00:00,DOWNTOWN,4.0,DAY,,Conference Room
2015-02-16 09:00:00,EAST_OAK,4.5,DAY,,Conference Room
2015-02-16 10:00:00,UPTOWN,2.0,DAY,,Conference Room
2015-02-16 14:00:00,MERIDIAN,1.5,DAY,,Conference Room
2015-02-16 14:30:00,UPTOWN,1.5,DAY,,Conference Room
2015-02-16 14:30:00,EAST_OAK,1.5,DAY,,Conference Room
2015-02-16 14:30:00,UPTOWN,2.5,DAY,,Conference Room
2015-02-16 14:30:00,EAST_OAK,2.5,DAY,,Conference Room
2015-02-16 15:00:00,MEDITATION,0.5,DAY,,HUB Oakland Events
2015-02-16 17:30:00,BROADWAY,1.0,EVENING,CLOSED,HUB Oakland Events
2015-02-16 17:30:00,MERIDIAN,1.0,EVENING,CLOSED,HUB Oakland Events
2015-02-16 17:30:00,BROADWAY,4.0,EVENING,CLOSED,Conference Room
2015-02-16 17:30:00,MERIDIAN,4.0,EVENING,CLOSED,Conference Room
2015-02-16 18:00:00,GALLERY,2.0,EVENING,,Conference Room
2015-02-16 18:30:00,BROADWAY,3.0,EVENING,,HUB Oakland Events
2015-02-16 21:30:00,BROADWAY,1.0,EVENING,,HUB Oakland Events
2015-02-17 11:00:00,UPTOWN,1.0,DAY,,Conference Room
2015-02-17 17:00:00,GALLERY,2.5,DAY,,Conference Room
2015-02-17 17:30:00,UPTOWN,1.0,EVENING,,Conference Room
2015-02-17 17:30:00,MERIDIAN,1.0,EVENING,,Conference Room
2015-02-17 17:30:00,UPTOWN,4.0,EVENING,,Conference Room
2015-02-17 17:30:00,MERIDIAN,4.0,EVENING,,Conference Room
2015-02-17 18:30:00,EAST_OAK,2.0,EVENING,,Conference Room
2015-02-18 09:00:00,GALLERY,7.0,DAY,,Conference Room
2015-02-18 09:30:00,UPTOWN,3.5,DAY,,Conference Room
2015-02-18 10:30:00,GALLERY,1.0,DAY,,HUB Oakland Events
2015-02-18 13:00:00,EAST_OAK,1.0,DAY,,Conference Room
2015-02-18 14:15:00,EAST_OAK,2.0,DAY,,Conference Room
2015-02-18 17:30:00,MERIDIAN,3.5,EVENING,,Conference Room
2015-02-18 17:30:00,GALLERY,3.5,EVENING,,Conference Room
2015-02-18 17:30:00,MERIDIAN,1.75,EVENING,,Conference Room
2015-02-18 17:30:00,GALLERY,1.75,EVENING,,Conference Room
2015-02-19 09:00:00,MERIDIAN,10.0,DAY,,Conference Room
2015-02-19 09:00:00,EAST_OAK,10.0,DAY,,Conference Room
2015-02-19 09:00:00,MERIDIAN,8.0,DAY,,Conference Room
2015-02-19 09:00:00,EAST_OAK,8.0,DAY,,Conference Room
2015-02-19 09:30:00,UPTOWN,1.5,DAY,,Conference Room
2015-02-19 11:00:00,GALLERY,6.0,DAY,,Conference Room
2015-02-19 11:30:00,UPTOWN,5.5,DAY,,Conference Room
2015-02-19 15:00:00,MERIDIAN,2.0,DAY,,Conference Room
2015-02-19 16:30:00,GALLERY,2.0,DAY,,Conference Room
2015-02-19 17:00:00,BROADWAY,1.5,DAY,CLOSED,HUB Oakland Events
2015-02-19 17:00:00,ATRIUM,1.5,DAY,CLOSED,HUB Oakland Events
2015-02-19 18:30:00,BROADWAY,3.5,EVENING,,HUB Oakland Events
2015-02-19 18:30:00,GALLERY,3.5,EVENING,,HUB Oakland Events
2015-02-19 18:30:00,ATRIUM,3.5,EVENING,,HUB Oakland Events
2015-02-19 18:30:00,DOWNTOWN,3.5,EVENING,,HUB Oakland Events
2015-02-19 22:00:00,BROADWAY,1.5,EVENING,,HUB Oakland Events
2015-02-19 22:00:00,ATRIUM,1.5,EVENING,,HUB Oakland Events
2015-02-20 08:30:00,GALLERY,7.0,DAY,,Conference Room
2015-02-20 09:00:00,EAST_OAK,2.0,DAY,,Conference Room
2015-02-20 10:00:00,MERIDIAN,7.0,DAY,,Conference Room
2015-02-20 12:30:00,KITCHEN,1.0,DAY,,HUB Oakland Events
2015-02-20 13:00:00,EAST_OAK,3.0,DAY,,Conference Room
2015-02-20 13:15:00,MERIDIAN,2.0,DAY,,Conference Room
2015-02-20 14:00:00,,3.0,DAY,,Conference Room
2015-02-20 16:00:00,GALLERY,2.0,DAY,,Conference Room
2015-02-20 17:00:00,BROADWAY,1.0,DAY,CLOSED,HUB Oakland Events
2015-02-20 18:00:00,BROADWAY,1.0,EVENING,,HUB Oakland Events
2015-02-20 18:00:00,BROADWAY,4.0,EVENING,,HUB Oakland Events
2015-02-20 22:00:00,BROADWAY,1.0,EVENING,CLOSED,HUB Oakland Events
2015-02-21 08:00:00,BROADWAY,14.5,DAY,,HUB Oakland Events
2015-02-21 08:00:00,GALLERY,14.5,DAY,,HUB Oakland Events
2015-02-21 08:00:00,ATRIUM,14.5,DAY,,HUB Oakland Events
2015-02-21 08:00:00,UPTOWN,14.5,DAY,,HUB Oakland Events
2015-02-21 08:00:00,DOWNTOWN,14.5,DAY,,HUB Oakland Events
2015-02-21 10:00:00,MERIDIAN,7.0,DAY,,Conference Room
2015-02-22 09:00:00,BROADWAY,3.0,DAY,,HUB Oakland Events
2015-02-22 09:00:00,GALLERY,3.0,DAY,,HUB Oakland Events
2015-02-22 10:00:00,MERIDIAN,7.0,DAY,,Conference Room
2015-02-23 10:00:00,UPTOWN,2.0,DAY,,Conference Room
2015-02-23 12:00:00,MERIDIAN,1.5,DAY,,Conference Room
2015-02-23 15:00:00,UPTOWN,2.0,DAY,,Conference Room
2015-02-23 15:00:00,DOWNTOWN,2.0,DAY,,Conference Room
2015-02-23 15:00:00,MEDITATION,2.0,DAY,,Conference Room
2015-02-23 15:00:00,UPTOWN,2.0,DAY,,Conference Room
2015-02-23 15:00:00,DOWNTOWN,2.0,DAY,,Conference Room
2015-02-23 15:00:00,MEDITATION,2.0,DAY,,Conference Room
2015-02-23 15:00:00,UPTOWN,0.5,DAY,,HUB Oakland Events
2015-02-23 15:00:00,DOWNTOWN,0.5,DAY,,HUB Oakland Events
2015-02-23 15:00:00,MEDITATION,0.5,DAY,,HUB Oakland Events
2015-02-23 17:30:00,MERIDIAN,4.0,EVENING,,Conference Room
2015-02-23 17:30:00,BROADWAY,4.0,EVENING,,Conference Room
2015-02-23 17:30:00,MERIDIAN,4.5,EVENING,,HUB Oakland Events
2015-02-23 17:30:00,BROADWAY,4.5,EVENING,,HUB Oakland Events
2015-02-23 18:30:00,UPTOWN,2.0,EVENING,,Conference Room
2015-02-24 10:00:00,UPTOWN,1.0,DAY,,Conference Room
2015-02-24 14:00:00,UPTOWN,1.0,DAY,,Conference Room
2015-02-24 15:00:00,EAST_OAK,2.0,DAY,,Conference Room
2015-02-24 16:30:00,UPTOWN,1.5,DAY,,Conference Room
2015-02-24 17:00:00,UPTOWN,2.0,DAY,,Conference Room
2015-02-24 17:30:00,MERIDIAN,4.0,EVENING,CLOSED,Conference Room
2015-02-24 17:30:00,GALLERY,4.0,EVENING,CLOSED,Conference Room
2015-02-24 17:30:00,BROADWAY,4.0,EVENING,CLOSED,Conference Room
2015-02-24 17:30:00,MERIDIAN,1.0,EVENING,CLOSED,HUB Oakland Events
2015-02-24 17:30:00,GALLERY,1.0,EVENING,CLOSED,HUB Oakland Events
2015-02-24 17:30:00,BROADWAY,1.0,EVENING,CLOSED,HUB Oakland Events
2015-02-24 17:30:00,MERIDIAN,5.5,EVENING,CLOSED,HUB Oakland Events
2015-02-24 17:30:00,GALLERY,5.5,EVENING,CLOSED,HUB Oakland Events
2015-02-24 17:30:00,BROADWAY,5.5,EVENING,CLOSED,HUB Oakland Events
2015-02-24 18:00:00,GALLERY,3.0,EVENING,,Conference Room
2015-02-24 18:30:00,GALLERY,2.0,EVENING,,HUB Oakland Events
2015-02-25 13:00:00,UPTOWN,2.0,DAY,,Conference Room
2015-02-25 14:00:00,GALLERY,1.5,DAY,,Conference Room
2015-02-25 17:30:00,GALLERY,1.75,EVENING,,Conference Room
2015-02-25 18:00:00,BROADWAY,5.0,EVENING,,HUB Oakland Events
2015-02-25 18:00:00,ATRIUM,5.0,EVENING,,HUB Oakland Events
2015-02-26 08:00:00,MERIDIAN,14.5,DAY,,Conference Room
2015-02-26 09:30:00,UPTOWN,1.5,DAY,,Conference Room
2015-02-26 10:00:00,GALLERY,1.5,DAY,,Conference Room
2015-02-26 11:00:00,UPTOWN,2.0,DAY,,Conference Room
2015-02-26 12:15:00,UPTOWN,4.75,DAY,,Conference Room
2015-02-26 13:00:00,DOWNTOWN,3.0,DAY,,Conference Room
2015-02-26 17:00:00,UPTOWN,2.0,DAY,,Conference Room
2015-02-26 17:30:00,BROADWAY,5.0,EVENING,,HUB Oakland Events
2015-02-27 08:00:00,EAST_OAK,6.0,DAY,,Conference Room
2015-02-27 12:30:00,KITCHEN,1.0,DAY,,HUB Oakland Events
2015-02-28 10:00:00,GALLERY,8.0,DAY,CLOSED,Conference Room
2015-02-28 17:00:00,GALLERY,3.0,DAY,,HUB Oakland Events
2015-02-28 17:00:00,ATRIUM,3.0,DAY,,HUB Oakland Events
2015-03-01 10:00:00,GALLERY,8.5,DAY,CLOSED,Conference Room
2015-03-01 16:00:00,GALLERY,2.0,DAY,,HUB Oakland Events
2015-03-02 10:00:00,GALLERY,2.0,DAY,,Conference Room
2015-03-02 15:00:00,MEDITATION,0.5,DAY,,HUB Oakland Events
2015-03-02 17:00:00,MERIDIAN,3.0,DAY,,Conference Room
2015-03-02 17:00:00,UPTOWN,3.0,DAY,,Conference Room
2015-03-02 17:00:00,MERIDIAN,1.25,DAY,,Conference Room
2015-03-02 17:00:00,UPTOWN,1.25,DAY,,Conference Room
2015-03-02 17:30:00,BROADWAY,5.5,EVENING,,HUB Oakland Events
2015-03-02 17:30:00,GALLERY,5.5,EVENING,,HUB Oakland Events
2015-03-02 17:30:00,BROADWAY,4.0,EVENING,,Conference Room
2015-03-02 17:30:00,GALLERY,4.0,EVENING,,Conference Room
2015-03-02 18:30:00,UPTOWN,2.0,EVENING,,Conference Room
2015-03-03 08:00:00,GALLERY,14.0,DAY,CLOSED,Conference Room
2015-03-03 09:00:00,UPTOWN,8.0,DAY,,Conference Room
2015-03-03 09:00:00,DOWNTOWN,8.0,DAY,,Conference Room
2015-03-03 09:00:00,UPTOWN,7.0,DAY,,Conference Room
2015-03-03 09:00:00,DOWNTOWN,7.0,DAY,,Conference Room
2015-03-03 10:00:00,MERIDIAN,1.0,DAY,CLOSED,Conference Room
2015-03-03 11:00:00,MERIDIAN,4.0,DAY,,Conference Room
2015-03-03 14:00:00,GALLERY,5.0,DAY,,Conference Room
2015-03-03 15:00:00,MERIDIAN,2.0,DAY,,Conference Room
2015-03-03 17:00:00,DOWNTOWN,2.5,DAY,HOLD,Conference Room
2015-03-03 17:30:00,MERIDIAN,4.0,EVENING,,Conference Room
2015-03-04 09:00:00,UPTOWN,8.0,DAY,,Conference Room
2015-03-04 09:30:00,MERIDIAN,3.5,DAY,,Conference Room
2015-03-04 13:30:00,EAST_OAK,1.5,DAY,,Conference Room
2015-03-04 15:00:00,EAST_OAK,2.5,DAY,,Conference Room
2015-03-04 15:00:00,MEDITATION,2.5,DAY,,Conference Room
2015-03-04 15:00:00,EAST_OAK,2.5,DAY,,Conference Room
2015-03-04 15:00:00,MEDITATION,2.5,DAY,,Conference Room
2015-03-04 16:30:00,MERIDIAN,1.5,DAY,,Conference Room
2015-03-04 17:30:00,BROADWAY,6.0,EVENING,,HUB Oakland Events
2015-03-04 18:00:00,MERIDIAN,3.0,EVENING,,Conference Room
2015-03-05 09:30:00,UPTOWN,1.5,DAY,,Conference Room
2015-03-05 10:00:00,MERIDIAN,10.0,DAY,,Conference Room
2015-03-05 11:00:00,EAST_OAK,1.0,DAY,,Conference Room
2015-03-05 12:00:00,MERIDIAN,3.0,DAY,,Conference Room
2015-03-05 13:00:00,DOWNTOWN,3.0,DAY,,Conference Room
2015-03-05 15:00:00,UPTOWN,2.0,DAY,,Conference Room
2015-03-05 15:00:00,GALLERY,2.0,DAY,,Conference Room
2015-03-05 15:00:00,EAST_OAK,2.0,DAY,,Conference Room
2015-03-05 15:00:00,UPTOWN,3.0,DAY,,Conference Room
2015-03-05 15:00:00,GALLERY,3.0,DAY,,Conference Room
2015-03-05 15:00:00,EAST_OAK,3.0,DAY,,Conference Room
2015-03-05 15:00:00,UPTOWN,2.0,DAY,,Conference Room
2015-03-05 15:00:00,GALLERY,2.0,DAY,,Conference Room
2015-03-05 15:00:00,EAST_OAK,2.0,DAY,,Conference Room
2015-03-05 18:00:00,UPTOWN,2.0,EVENING,,Conference Room
2015-03-05 18:00:00,GALLERY,2.0,EVENING,,Conference Room
2015-03-05 18:00:00,UPTOWN,1.5,EVENING,,Conference Room
2015-03-05 18:00:00,GALLERY,1.5,EVENING,,Conference Room
2015-03-05 19:30:00,GALLERY,1.0,EVENING,CLOSED,Conference Room
2015-03-06 08:00:00,MERIDIAN,11.0,DAY,,Conference Room
2015-03-06 10:30:00,EAST_OAK,4.0,DAY,,Conference Room
2015-03-06 11:00:00,UPTOWN,1.0,DAY,,Conference Room
2015-03-06 12:30:00,KITCHEN,1.0,DAY,,HUB Oakland Events
2015-03-06 16:00:00,UPTOWN,2.0,DAY,,Conference Room
2015-03-06 17:30:00,GALLERY,5.0,EVENING,,HUB Oakland Events
2015-03-06 18:30:00,GALLERY,3.0,EVENING,,Conference Room
2015-03-07 09:00:00,,5.0,DAY,HOLD,HUB Oakland Events
2015-03-07 17:30:00,BROADWAY,5.5,EVENING,,HUB Oakland Events
2015-03-09 10:00:00,MERIDIAN,2.0,DAY,HOLD,Conference Room
2015-03-09 10:00:00,UPTOWN,2.0,DAY,HOLD,Conference Room
2015-03-09 10:00:00,MERIDIAN,2.0,DAY,HOLD,Conference Room
2015-03-09 10:00:00,UPTOWN,2.0,DAY,HOLD,Conference Room
2015-03-09 15:00:00,MEDITATION,0.5,DAY,,HUB Oakland Events
2015-03-09 17:30:00,MERIDIAN,4.0,EVENING,,Conference Room
2015-03-09 18:00:00,BROADWAY,5.0,EVENING,,HUB Oakland Events
2015-03-09 18:30:00,GALLERY,2.0,EVENING,,Conference Room
2015-03-10 08:00:00,UPTOWN,9.0,DAY,,Conference Room
2015-03-10 09:00:00,DOWNTOWN,3.0,DAY,,Conference Room
2015-03-10 10:00:00,MEDITATION,1.0,DAY,,Conference Room
2015-03-10 14:00:00,EAST_OAK,1.5,DAY,,Conference Room
2015-03-10 15:30:00,EAST_OAK,1.0,DAY,,Conference Room
2015-03-10 17:30:00,MERIDIAN,4.0,EVENING,,Conference Room
2015-03-11 08:00:00,GALLERY,5.0,DAY,,Conference Room
2015-03-11 09:00:00,EAST_OAK,1.0,DAY,,Conference Room
2015-03-11 11:00:00,KITCHEN,2.0,DAY,,Conference Room
2015-03-11 13:15:00,UPTOWN,4.0,DAY,,Conference Room
2015-03-11 14:30:00,EAST_OAK,1.0,DAY,,Conference Room
2015-03-11 14:30:00,MERIDIAN,1.0,DAY,,Conference Room
2015-03-11 14:30:00,EAST_OAK,1.5,DAY,,Conference Room
2015-03-11 14:30:00,MERIDIAN,1.5,DAY,,Conference Room
2015-03-11 16:30:00,GALLERY,1.0,DAY,,Conference Room
2015-03-11 18:00:00,MERIDIAN,3.0,EVENING,,Conference Room
2015-03-12 09:00:00,EAST_OAK,9.0,DAY,,Conference Room
2015-03-12 09:00:00,DOWNTOWN,9.0,DAY,,Conference Room
2015-03-12 09:00:00,EAST_OAK,9.0,DAY,,Conference Room
2015-03-12 09:00:00,DOWNTOWN,9.0,DAY,,Conference Room
2015-03-12 09:30:00,UPTOWN,1.25,DAY,,Conference Room
2015-03-12 10:00:00,MERIDIAN,1.0,DAY,,Conference Room
2015-03-12 10:45:00,UPTOWN,2.5,DAY,,Conference Room
2015-03-12 13:00:00,GALLERY,3.0,DAY,,Conference Room
2015-03-12 13:30:00,MERIDIAN,6.5,DAY,,Conference Room
2015-03-12 17:00:00,BROADWAY,4.0,DAY,,HUB Oakland Events
2015-03-12 18:00:00,UPTOWN,2.0,EVENING,,Conference Room
2015-03-12 18:30:00,MERIDIAN,2.5,EVENING,,Conference Room
2015-03-12 18:30:00,GALLERY,2.5,EVENING,,Conference Room
2015-03-12 18:30:00,MERIDIAN,3.0,EVENING,,HUB Oakland Events
2015-03-12 18:30:00,GALLERY,3.0,EVENING,,HUB Oakland Events
2015-03-13 07:45:00,,10.5,DAY,,HUB Oakland Events
2015-03-13 08:30:00,EAST_OAK,1.5,DAY,,Conference Room
2015-03-13 09:00:00,GALLERY,4.0,DAY,HOLD,Conference Room
2015-03-13 10:00:00,MERIDIAN,7.0,DAY,CLOSED,Conference Room
2015-03-13 10:00:00,DOWNTOWN,7.0,DAY,CLOSED,Conference Room
2015-03-13 10:00:00,MERIDIAN,2.0,DAY,CLOSED,Conference Room
2015-03-13 10:00:00,DOWNTOWN,2.0,DAY,CLOSED,Conference Room
2015-03-13 10:30:00,UPTOWN,2.5,DAY,,Conference Room
2015-03-13 12:00:00,DOWNTOWN,1.5,DAY,,Conference Room
2015-03-13 12:30:00,KITCHEN,1.0,DAY,,HUB Oakland Events
2015-03-14 15:30:00,BROADWAY,7.5,DAY,,HUB Oakland Events
2015-03-14 15:30:00,ATRIUM,7.5,DAY,,HUB Oakland Events
2015-03-15 10:00:00,MERIDIAN,7.0,DAY,CLOSED,Conference Room
2015-03-16 10:00:00,UPTOWN,2.0,DAY,,Conference Room
2015-03-16 11:00:00,MERIDIAN,1.0,DAY,,Conference Room
2015-03-16 12:00:00,MEDITATION,2.0,DAY,,Conference Room
2015-03-16 13:00:00,UPTOWN,1.5,DAY,,Conference Room
2015-03-16 15:00:00,MEDITATION,0.5,DAY,,HUB Oakland Events
2015-03-16 16:00:00,EAST_OAK,1.0,DAY,,Conference Room
2015-03-16 16:00:00,UPTOWN,1.0,DAY,,Conference Room
2015-03-16 16:00:00,EAST_OAK,2.0,DAY,,Conference Room
2015-03-16 16:00:00,UPTOWN,2.0,DAY,,Conference Room
2015-03-16 17:30:00,MERIDIAN,4.0,EVENING,,Conference Room
2015-03-16 18:30:00,GALLERY,2.0,EVENING,,Conference Room
2015-03-17 09:00:00,MERIDIAN,8.0,DAY,,Conference Room
2015-03-17 10:00:00,MEDITATION,1.0,DAY,,Conference Room
2015-03-17 10:00:00,EAST_OAK,1.0,DAY,,Conference Room
2015-03-17 10:00:00,MEDITATION,1.5,DAY,,Conference Room
2015-03-17 10:00:00,EAST_OAK,1.5,DAY,,Conference Room
2015-03-17 17:00:00,GALLERY,2.5,DAY,,Conference Room
2015-03-17 17:30:00,MERIDIAN,4.0,EVENING,,Conference Room
2015-03-17 18:00:00,EAST_OAK,1.0,EVENING,,Conference Room
2015-03-18 09:00:00,MERIDIAN,8.0,DAY,,Conference Room
2015-03-18 10:30:00,GALLERY,1.0,DAY,,HUB Oakland Events
2015-03-18 17:30:00,MERIDIAN,3.5,EVENING,,Conference Room
2015-03-18 18:00:00,GALLERY,3.0,EVENING,,Conference Room
2015-03-18 18:30:00,UPTOWN,1.0,EVENING,,Conference Room
2015-03-19 09:00:00,MERIDIAN,10.0,DAY,,Conference Room
2015-03-19 09:30:00,GALLERY,1.5,DAY,,Conference Room
2015-03-19 10:30:00,UPTOWN,1.5,DAY,,Conference Room
2015-03-19 11:00:00,DOWNTOWN,2.0,DAY,HOLD,Conference Room
2015-03-19 11:00:00,DOWNTOWN,2.0,DAY,CLOSED,Conference Room
2015-03-19 11:00:00,GALLERY,2.0,DAY,HOLD,Conference Room
2015-03-19 11:00:00,GALLERY,2.0,DAY,CLOSED,Conference Room
2015-03-19 11:00:00,DOWNTOWN,2.0,DAY,HOLD,Conference Room
2015-03-19 11:00:00,DOWNTOWN,2.0,DAY,CLOSED,Conference Room
2015-03-19 11:00:00,EAST_OAK,2.0,DAY,HOLD,Conference Room
2015-03-19 11:00:00,EAST_OAK,2.0,DAY,CLOSED,Conference Room
2015-03-19 11:00:00,DOWNTOWN,1.5,DAY,HOLD,Conference Room
2015-03-19 11:00:00,DOWNTOWN,1.5,DAY,CLOSED,Conference Room
2015-03-19 11:00:00,GALLERY,1.5,DAY,HOLD,Conference Room
2015-03-19 11:00:00,GALLERY,1.5,DAY,CLOSED,Conference Room
2015-03-19 11:00:00,DOWNTOWN,1.5,DAY,HOLD,Conference Room
2015-03-19 11:00:00,DOWNTOWN,1.5,DAY,CLOSED,Conference Room
2015-03-19 11:00:00,EAST_OAK,1.5,DAY,HOLD,Conference Room
2015-03-19 11:00:00,EAST_OAK,1.5,DAY,CLOSED,Conference Room
2015-03-19 11:00:00,DOWNTOWN,1.0,DAY,HOLD,HUB Oakland Events
2015-03-19 11:00:00,DOWNTOWN,1.0,DAY,CLOSED,HUB Oakland Events
2015-03-19 11:00:00,GALLERY,1.0,DAY,HOLD,HUB Oakland Events
2015-03-19 11:00:00,GALLERY,1.0,DAY,CLOSED,HUB Oakland Events
2015-03-19 11:00:00,DOWNTOWN,1.0,DAY,HOLD,HUB Oakland Events
2015-03-19 11:00:00,DOWNTOWN,1.0,DAY,CLOSED,HUB Oakland Events
2015-03-19 11:00:00,EAST_OAK,1.0,DAY,HOLD,HUB Oakland Events
2015-03-19 11:00:00,EAST_OAK,1.0,DAY,CLOSED,HUB Oakland Events
2015-03-19 11:00:00,DOWNTOWN,5.0,DAY,HOLD,Conference Room
2015-03-19 11:00:00,DOWNTOWN,5.0,DAY,CLOSED,Conference Room
2015-03-19 11:00:00,GALLERY,5.0,DAY,HOLD,Conference Room
2015-03-19 11:00:00,GALLERY,5.0,DAY,CLOSED,Conference Room
2015-03-19 11:00:00,DOWNTOWN,5.0,DAY,HOLD,Conference Room
2015-03-19 11:00:00,DOWNTOWN,5.0,DAY,CLOSED,Conference Room
2015-03-19 11:00:00,EAST_OAK,5.0,DAY,HOLD,Conference Room
2015-03-19 11:00:00,EAST_OAK,5.0,DAY,CLOSED,Conference Room
2015-03-19 13:00:00,UPTOWN,4.0,DAY,,Conference Room
2015-03-19 13:00:00,DOWNTOWN,4.0,DAY,,Conference Room
2015-03-19 13:00:00,UPTOWN,3.0,DAY,,Conference Room
2015-03-19 13:00:00,DOWNTOWN,3.0,DAY,,Conference Room
2015-03-19 14:30:00,,1.0,DAY,,HUB Oakland Events
2015-03-19 15:00:00,GALLERY,3.0,DAY,,Conference Room
2015-03-19 16:00:00,MERIDIAN,2.0,DAY,,HUB Oakland Events
2015-03-19 17:00:00,UPTOWN,2.0,DAY,,Conference Room
2015-03-19 17:30:00,BROADWAY,3.0,EVENING,,HUB Oakland Events
2015-03-19 18:00:00,GALLERY,2.0,EVENING,,Conference Room
2015-03-20 08:30:00,GALLERY,1.5,DAY,,Conference Room
2015-03-20 10:00:00,UPTOWN,4.5,DAY,,Conference Room
2015-03-20 10:00:00,MERIDIAN,4.5,DAY,,Conference Room
2015-03-20 10:00:00,UPTOWN,7.0,DAY,,Conference Room
2015-03-20 10:00:00,MERIDIAN,7.0,DAY,,Conference Room
2015-03-20 12:00:00,DOWNTOWN,1.5,DAY,,Conference Room
2015-03-20 12:30:00,KITCHEN,1.0,DAY,,HUB Oakland Events
2015-03-20 17:00:00,EAST_OAK,2.0,DAY,,Conference Room
2015-03-20 18:00:00,BROADWAY,1.0,EVENING,CLOSED,HUB Oakland Events
2015-03-21 07:30:00,BROADWAY,5.5,DAY,,HUB Oakland Events
2015-03-21 10:00:00,MERIDIAN,7.0,DAY,,Conference Room
2015-03-21 13:00:00,BROADWAY,5.0,DAY,,HUB Oakland Events
2015-03-21 13:00:00,GALLERY,5.0,DAY,,HUB Oakland Events
2015-03-21 13:00:00,JINGLETOWN,5.0,DAY,,HUB Oakland Events
2015-03-21 17:30:00,BROADWAY,6.0,EVENING,,HUB Oakland Events
2015-03-22 10:00:00,MERIDIAN,7.0,DAY,,Conference Room
2015-03-22 12:00:00,GALLERY,4.0,DAY,HOLD,Conference Room
2015-03-22 14:00:00,EAST_OAK,2.0,DAY,,Conference Room
2015-03-23 10:00:00,UPTOWN,2.0,DAY,,Conference Room
2015-03-23 12:00:00,MEDITATION,2.0,DAY,,Conference Room
2015-03-23 13:30:00,EAST_OAK,2.0,DAY,,Conference Room
2015-03-23 15:00:00,MEDITATION,0.5,DAY,,HUB Oakland Events
2015-03-23 15:00:00,UPTOWN,0.5,DAY,,HUB Oakland Events
2015-03-23 15:00:00,MEDITATION,1.0,DAY,,Conference Room
2015-03-23 15:00:00,UPTOWN,1.0,DAY,,Conference Room
2015-03-23 17:30:00,MERIDIAN,4.0,EVENING,,Conference Room
2015-03-23 18:00:00,BROADWAY,2.0,EVENING,,HUB Oakland Events
2015-03-23 18:30:00,GALLERY,2.0,EVENING,,Conference Room
2015-03-24 10:00:00,EAST_OAK,1.5,DAY,,Conference Room
2015-03-24 13:30:00,GALLERY,1.5,DAY,,Conference Room
2015-03-24 14:00:00,UPTOWN,2.0,DAY,,Conference Room
2015-03-24 16:00:00,UPTOWN,2.0,DAY,,Conference Room
2015-03-24 18:00:00,GALLERY,3.5,EVENING,,HUB Oakland Events
2015-03-24 18:30:00,MERIDIAN,2.0,EVENING,,Conference Room
2015-03-25 08:00:00,GALLERY,9.0,DAY,,Conference Room
2015-03-25 11:00:00,EAST_OAK,1.0,DAY,,Conference Room
2015-03-25 12:30:00,DOWNTOWN,1.5,DAY,CLOSED,Conference Room
2015-03-25 12:30:00,DOWNTOWN,1.5,DAY,CLOSED,Conference Room
2015-03-25 12:30:00,EAST_OAK,1.5,DAY,CLOSED,Conference Room
2015-03-25 12:30:00,DOWNTOWN,1.5,DAY,CLOSED,Conference Room
2015-03-25 12:30:00,DOWNTOWN,1.5,DAY,CLOSED,Conference Room
2015-03-25 12:30:00,EAST_OAK,1.5,DAY,CLOSED,Conference Room
2015-03-25 13:15:00,UPTOWN,4.25,DAY,,Conference Room
2015-03-25 17:30:00,JINGLETOWN,4.5,EVENING,,HUB Oakland Events
2015-03-25 17:30:00,UPTOWN,4.5,EVENING,,HUB Oakland Events
2015-03-25 17:30:00,GALLERY,4.5,EVENING,,HUB Oakland Events
2015-03-25 17:30:00,JINGLETOWN,1.5,EVENING,,Conference Room
2015-03-25 17:30:00,UPTOWN,1.5,EVENING,,Conference Room
2015-03-25 17:30:00,GALLERY,1.5,EVENING,,Conference Room
2015-03-25 17:30:00,JINGLETOWN,3.5,EVENING,,HUB Oakland Events
2015-03-25 17:30:00,UPTOWN,3.5,EVENING,,HUB Oakland Events
2015-03-25 17:30:00,GALLERY,3.5,EVENING,,HUB Oakland Events
2015-03-25 18:00:00,MERIDIAN,3.0,EVENING,HOLD,Conference Room
2015-03-25 18:00:00,GALLERY,3.0,EVENING,HOLD,Conference Room
2015-03-25 18:00:00,MERIDIAN,3.0,EVENING,HOLD,Conference Room
2015-03-25 18:00:00,GALLERY,3.0,EVENING,HOLD,Conference Room
2015-03-26 09:30:00,UPTOWN,1.5,DAY,,Conference Room
2015-03-26 10:00:00,MERIDIAN,10.0,DAY,,Conference Room
2015-03-26 13:00:00,DOWNTOWN,3.0,DAY,,Conference Room
2015-03-26 18:00:00,UPTOWN,2.0,EVENING,,Conference Room
2015-03-27 09:00:00,UPTOWN,3.0,DAY,,Conference Room
2015-03-27 10:30:00,MERIDIAN,2.5,DAY,,Conference Room
2015-03-27 11:00:00,EAST_OAK,3.0,DAY,,Conference Room
2015-03-27 12:30:00,KITCHEN,1.0,DAY,,HUB Oakland Events
2015-03-27 17:30:00,DOWNTOWN,6.5,EVENING,CLOSED,HUB Oakland Events
2015-03-27 17:30:00,DOWNTOWN,6.5,EVENING,CLOSED,HUB Oakland Events
2015-03-28 07:30:00,BROADWAY,10.5,DAY,,HUB Oakland Events
2015-03-28 08:30:00,MERIDIAN,9.0,DAY,,Conference Room
2015-03-28 09:30:00,GALLERY,3.0,DAY,CLOSED,Conference Room
2015-03-28 13:00:00,UPTOWN,6.0,DAY,,Conference Room
2015-03-28 13:00:00,MERIDIAN,6.0,DAY,,Conference Room
2015-03-29 08:00:00,BROADWAY,10.0,DAY,,HUB Oakland Events
2015-03-29 08:00:00,ATRIUM,10.0,DAY,,HUB Oakland Events
2015-03-29 10:00:00,GALLERY,4.0,DAY,CLOSED,Conference Room
2015-03-30 10:00:00,MERIDIAN,3.0,DAY,,Conference Room
2015-03-30 10:00:00,UPTOWN,3.0,DAY,,Conference Room
2015-03-30 10:00:00,MERIDIAN,2.0,DAY,,Conference Room
2015-03-30 10:00:00,UPTOWN,2.0,DAY,,Conference Room
2015-03-30 15:00:00,MEDITATION,0.5,DAY,,HUB Oakland Events
2015-03-30 17:30:00,UPTOWN,3.0,EVENING,,HUB Oakland Events
2015-03-30 17:30:00,MERIDIAN,3.0,EVENING,,HUB Oakland Events
2015-03-30 17:30:00,UPTOWN,4.0,EVENING,,Conference Room
2015-03-30 17:30:00,MERIDIAN,4.0,EVENING,,Conference Room
2015-03-30 18:00:00,DOWNTOWN,2.5,EVENING,,Conference Room
2015-03-30 18:00:00,UPTOWN,2.5,EVENING,,Conference Room
2015-03-30 18:00:00,DOWNTOWN,2.5,EVENING,,Conference Room
2015-03-30 18:00:00,UPTOWN,2.5,EVENING,,Conference Room
2015-03-30 18:30:00,GALLERY,2.0,EVENING,,Conference Room
2015-03-31 10:00:00,EAST_OAK,1.5,DAY,,Conference Room
2015-03-31 13:30:00,EAST_OAK,0.75,DAY,,Conference Room
2015-03-31 14:30:00,EAST_OAK,2.0,DAY,,Conference Room
2015-03-31 16:00:00,MERIDIAN,2.0,DAY,,Conference Room
2015-03-31 17:30:00,BROADWAY,4.5,EVENING,,HUB Oakland Events
2015-03-31 18:00:00,MERIDIAN,2.0,EVENING,,Conference Room
2015-03-31 20:00:00,GALLERY,4.0,EVENING,CLOSED,Conference Room
2015-04-01 08:30:00,GALLERY,2.5,DAY,,Conference Room
2015-04-01 09:00:00,MERIDIAN,8.5,DAY,,Conference Room
2015-04-01 09:00:00,DOWNTOWN,8.5,DAY,,Conference Room
2015-04-01 09:00:00,MERIDIAN,4.0,DAY,,Conference Room
2015-04-01 09:00:00,DOWNTOWN,4.0,DAY,,Conference Room
2015-04-01 10:30:00,KITCHEN,1.0,DAY,,HUB Oakland Events
2015-04-01 12:30:00,UPTOWN,3.0,DAY,,Conference Room
2015-04-01 18:00:00,GALLERY,5.0,EVENING,CLOSED,Conference Room
2015-04-01 18:00:00,MERIDIAN,5.0,EVENING,CLOSED,Conference Room
2015-04-01 18:00:00,GALLERY,3.0,EVENING,CLOSED,Conference Room
2015-04-01 18:00:00,MERIDIAN,3.0,EVENING,CLOSED,Conference Room
2015-04-02 09:30:00,UPTOWN,1.5,DAY,,Conference Room
2015-04-02 11:00:00,KITCHEN,2.0,DAY,,HUB Oakland Events
2015-04-02 12:00:00,UPTOWN,1.0,DAY,,Conference Room
2015-04-02 13:00:00,MERIDIAN,3.0,DAY,,Conference Room
2015-04-02 15:00:00,GALLERY,3.0,DAY,,Conference Room
2015-04-02 16:00:00,MERIDIAN,28.0,DAY,,Conference Room
2015-04-02 16:30:00,EAST_OAK,1.0,DAY,,Conference Room
2015-04-02 17:30:00,BROADWAY,3.5,EVENING,,HUB Oakland Events
2015-04-02 17:30:00,MERIDIAN,3.5,EVENING,,HUB Oakland Events
2015-04-02 17:30:00,BROADWAY,1.0,EVENING,,Conference Room
2015-04-02 17:30:00,MERIDIAN,1.0,EVENING,,Conference Room
2015-04-02 18:00:00,GALLERY,5.916666666666667,EVENING,CLOSED,Conference Room
2015-04-03 10:00:00,UPTOWN,2.0,DAY,,Conference Room
2015-04-03 12:30:00,KITCHEN,1.0,DAY,,HUB Oakland Events
2015-04-03 14:00:00,UPTOWN,2.0,DAY,,Conference Room
2015-04-03 16:00:00,MERIDIAN,2.0,DAY,,Conference Room
2015-04-03 17:30:00,GALLERY,5.0,EVENING,,HUB Oakland Events
2015-04-03 18:00:00,GALLERY,4.0,EVENING,,Conference Room
2015-04-04 17:00:00,BROADWAY,7.0,DAY,,HUB Oakland Events
2015-04-05 17:00:00,MERIDIAN,3.0,DAY,,HUB Oakland Events
2015-04-06 10:00:00,UPTOWN,2.0,DAY,,Conference Room
2015-04-06 15:00:00,MEDITATION,0.5,DAY,,HUB Oakland Events
2015-04-06 17:00:00,MERIDIAN,3.0,DAY,,Conference Room
2015-04-06 18:30:00,UPTOWN,2.0,EVENING,,Conference Room
2015-04-07 15:00:00,MERIDIAN,2.0,DAY,,Conference Room
2015-04-07 18:30:00,DOWNTOWN,2.0,EVENING,HOLD,HUB Oakland Events
2015-04-07 18:30:00,DOWNTOWN,2.0,EVENING,HOLD,HUB Oakland Events
2015-04-07 18:30:00,DOWNTOWN,2.0,EVENING,HOLD,Conference Room
2015-04-07 18:30:00,DOWNTOWN,2.0,EVENING,HOLD,Conference Room
2015-04-08 00:00:00,,24.0,DAY,,Conference Room
2015-04-08 12:00:00,,1.5,DAY,,Conference Room
2015-04-08 14:00:00,,3.0,DAY,,Conference Room
2015-04-08 15:00:00,MERIDIAN,2.0,DAY,HOLD,Conference Room
2015-04-08 18:00:00,MERIDIAN,3.0,EVENING,,Conference Room
2015-04-09 09:30:00,UPTOWN,1.5,DAY,,Conference Room
2015-04-09 10:00:00,MERIDIAN,10.0,DAY,,Conference Room
2015-04-09 14:00:00,MEDITATION,2.0,DAY,,Conference Room
2015-04-09 16:45:00,GALLERY,2.75,DAY,,Conference Room
2015-04-09 16:45:00,BROADWAY,2.75,DAY,,Conference Room
2015-04-09 16:45:00,GALLERY,2.75,DAY,,Conference Room
2015-04-09 16:45:00,ATRIUM,2.75,DAY,,Conference Room
2015-04-09 16:45:00,GALLERY,4.75,DAY,,HUB Oakland Events
2015-04-09 16:45:00,BROADWAY,4.75,DAY,,HUB Oakland Events
2015-04-09 16:45:00,GALLERY,4.75,DAY,,HUB Oakland Events
2015-04-09 16:45:00,ATRIUM,4.75,DAY,,HUB Oakland Events
2015-04-10 08:00:00,UPTOWN,11.0,DAY,,Conference Room
2015-04-10 09:30:00,MERIDIAN,8.5,DAY,,Conference Room
2015-04-10 10:00:00,GALLERY,2.0,DAY,,Conference Room
2015-04-10 11:00:00,DOWNTOWN,3.0,DAY,,HUB Oakland Events
2015-04-10 12:30:00,KITCHEN,1.0,DAY,,HUB Oakland Events
2015-04-11 09:00:00,UPTOWN,8.0,DAY,HOLD,Conference Room
2015-04-11 09:00:00,JINGLETOWN,8.0,DAY,HOLD,Conference Room
2015-04-11 09:00:00,GALLERY,8.0,DAY,HOLD,Conference Room
2015-04-11 09:00:00,UPTOWN,8.0,DAY,HOLD,HUB Oakland Events
2015-04-11 09:00:00,JINGLETOWN,8.0,DAY,HOLD,HUB Oakland Events
2015-04-11 09:00:00,GALLERY,8.0,DAY,HOLD,HUB Oakland Events
2015-04-11 09:00:00,UPTOWN,8.0,DAY,HOLD,Conference Room
2015-04-11 09:00:00,JINGLETOWN,8.0,DAY,HOLD,Conference Room
2015-04-11 09:00:00,GALLERY,8.0,DAY,HOLD,Conference Room
2015-04-11 09:30:00,MERIDIAN,8.5,DAY,,Conference Room
2015-04-11 11:00:00,DOWNTOWN,3.0,DAY,,Conference Room
2015-04-12 00:00:00,UPTOWN,24.0,DAY,CLOSED,Conference Room
2015-04-12 09:30:00,MERIDIAN,8.5,DAY,,Conference Room
2015-04-12 14:00:00,EAST_OAK,2.0,DAY,,Conference Room
2015-04-13 10:00:00,UPTOWN,2.0,DAY,,Conference Room
2015-04-13 15:00:00,MEDITATION,0.5,DAY,,HUB Oakland Events
2015-04-13 18:00:00,GALLERY,2.5,EVENING,,Conference Room
2015-04-14 13:00:00,GALLERY,1.5,DAY,,Conference Room
2015-04-14 16:00:00,GALLERY,1.0,DAY,,Conference Room
2015-04-14 17:30:00,MERIDIAN,4.0,EVENING,,Conference Room
2015-04-14 19:00:00,BROADWAY,2.0,EVENING,,HUB Oakland Events
2015-04-15 10:30:00,GALLERY,1.0,DAY,,HUB Oakland Events
2015-04-15 15:00:00,DOWNTOWN,4.0,DAY,,Conference Room
2015-04-16 09:30:00,UPTOWN,1.5,DAY,,Conference Room
2015-04-16 17:30:00,GALLERY,3.5,EVENING,,HUB Oakland Events
2015-04-16 18:00:00,BROADWAY,1.5,EVENING,HOLD,HUB Oakland Events
2015-04-16 18:00:00,DOWNTOWN,1.5,EVENING,HOLD,HUB Oakland Events
2015-04-16 18:00:00,BROADWAY,3.0,EVENING,HOLD,Conference Room
2015-04-16 18:00:00,DOWNTOWN,3.0,EVENING,HOLD,Conference Room
2015-04-17 10:00:00,UPTOWN,2.0,DAY,,Conference Room
2015-04-17 12:30:00,KITCHEN,1.0,DAY,,HUB Oakland Events
2015-04-17 19:00:00,BROADWAY,3.0,EVENING,,HUB Oakland Events
2015-04-18 09:00:00,MERIDIAN,8.0,DAY,,Conference Room
2015-04-18 17:00:00,GALLERY,4.0,DAY,,HUB Oakland Events
2015-04-20 11:00:00,GALLERY,1.0,DAY,,Conference Room
2015-04-20 15:00:00,MEDITATION,0.5,DAY,,HUB Oakland Events
2015-04-20 18:00:00,GALLERY,1.5,EVENING,,Conference Room
2015-04-20 18:30:00,MERIDIAN,2.0,EVENING,,Conference Room
2015-04-21 17:30:00,MERIDIAN,4.0,EVENING,,Conference Room
2015-04-21 17:30:00,BROADWAY,4.0,EVENING,,Conference Room
2015-04-21 17:30:00,MERIDIAN,5.0,EVENING,,HUB Oakland Events
2015-04-21 17:30:00,BROADWAY,5.0,EVENING,,HUB Oakland Events
2015-04-22 10:00:00,GALLERY,1.5,DAY,,Conference Room
2015-04-22 17:30:00,BROADWAY,5.5,EVENING,,HUB Oakland Events
2015-04-22 18:00:00,MERIDIAN,3.0,EVENING,,Conference Room
2015-04-23 09:00:00,DOWNTOWN,9.0,DAY,,Conference Room
2015-04-23 09:30:00,UPTOWN,1.5,DAY,,Conference Room
2015-04-23 10:00:00,MERIDIAN,11.5,DAY,,Conference Room
2015-04-23 17:00:00,UPTOWN,2.0,DAY,,Conference Room
2015-04-23 17:30:00,BROADWAY,4.5,EVENING,,HUB Oakland Events
2015-04-24 10:00:00,UPTOWN,2.0,DAY,,Conference Room
2015-04-24 12:30:00,KITCHEN,1.0,DAY,,HUB Oakland Events
2015-04-24 13:00:00,GALLERY,6.0,DAY,HOLD,HUB Oakland Events
2015-04-24 17:30:00,BROADWAY,5.5,EVENING,,HUB Oakland Events
2015-04-24 19:00:00,ATRIUM,3.0,EVENING,HOLD,HUB Oakland Events
2015-04-25 09:00:00,MERIDIAN,8.0,DAY,,Conference Room
2015-04-25 10:00:00,DOWNTOWN,4.0,DAY,HOLD,Conference Room
2015-04-25 10:00:00,DOWNTOWN,4.0,DAY,HOLD,Conference Room
2015-04-25 10:00:00,GALLERY,4.0,DAY,HOLD,Conference Room
2015-04-25 10:00:00,GALLERY,4.0,DAY,HOLD,Conference Room
2015-04-25 10:00:00,DOWNTOWN,4.0,DAY,HOLD,HUB Oakland Events
2015-04-25 10:00:00,DOWNTOWN,4.0,DAY,HOLD,HUB Oakland Events
2015-04-25 10:00:00,GALLERY,4.0,DAY,HOLD,HUB Oakland Events
2015-04-25 10:00:00,GALLERY,4.0,DAY,HOLD,HUB Oakland Events
2015-04-25 15:00:00,BROADWAY,9.5,DAY,,HUB Oakland Events
2015-04-25 15:00:00,ATRIUM,9.5,DAY,,HUB Oakland Events
2015-04-25 15:00:00,JINGLETOWN,9.5,DAY,,HUB Oakland Events
2015-04-27 10:00:00,UPTOWN,2.0,DAY,,Conference Room
2015-04-27 15:00:00,MEDITATION,0.5,DAY,,HUB Oakland Events
2015-04-27 17:30:00,MERIDIAN,4.0,EVENING,,Conference Room
2015-04-27 18:30:00,UPTOWN,2.0,EVENING,,Conference Room
2015-04-28 08:00:00,UPTOWN,4.0,DAY,,Conference Room
2015-04-28 17:30:00,MERIDIAN,4.0,EVENING,,Conference Room
2015-04-29 17:00:00,GALLERY,3.0,DAY,,Conference Room
2015-04-30 09:30:00,UPTOWN,1.5,DAY,,Conference Room
2015-04-30 10:00:00,MERIDIAN,10.0,DAY,,Conference Room
2015-05-01 12:30:00,KITCHEN,1.0,DAY,,HUB Oakland Events
2015-05-01 18:00:00,GALLERY,4.0,EVENING,,Conference Room
2015-05-02 09:00:00,BROADWAY,10.0,DAY,,HUB Oakland Events
2015-05-02 09:30:00,MERIDIAN,8.5,DAY,,Conference Room
2015-05-02 10:00:00,,1.0,DAY,HOLD,HUB Oakland Events
2015-05-03 09:30:00,MERIDIAN,8.5,DAY,,Conference Room
2015-05-03 15:00:00,BROADWAY,6.0,DAY,HOLD,HUB Oakland Events
2015-05-03 15:00:00,ATRIUM,6.0,DAY,HOLD,HUB Oakland Events
2015-05-04 15:00:00,MEDITATION,0.5,DAY,,HUB Oakland Events
2015-05-04 17:00:00,DOWNTOWN,3.0,DAY,,Conference Room
2015-05-04 17:30:00,MERIDIAN,4.0,EVENING,,Conference Room
2015-05-04 18:00:00,GALLERY,2.5,EVENING,,Conference Room
2015-05-05 15:00:00,GALLERY,2.0,DAY,,Conference Room
2015-05-05 17:30:00,GALLERY,4.0,EVENING,,Conference Room
2015-05-06 15:30:00,GALLERY,1.0,DAY,,Conference Room
2015-05-07 09:30:00,UPTOWN,1.5,DAY,,Conference Room
2015-05-07 15:00:00,DOWNTOWN,6.0,DAY,CLOSED,Conference Room
2015-05-07 16:00:00,BROADWAY,6.5,DAY,,HUB Oakland Events
2015-05-07 16:00:00,GALLERY,6.5,DAY,,HUB Oakland Events
2015-05-07 16:00:00,ATRIUM,6.5,DAY,,HUB Oakland Events
2015-05-07 16:00:00,JINGLETOWN,6.5,DAY,,HUB Oakland Events
2015-05-08 11:00:00,DOWNTOWN,3.0,DAY,,Conference Room
2015-05-08 12:30:00,KITCHEN,1.0,DAY,,HUB Oakland Events
2015-05-08 16:00:00,UPTOWN,4.0,DAY,CLOSED,HUB Oakland Events
2015-05-08 18:30:00,GALLERY,2.0,EVENING,,HUB Oakland Events
2015-05-09 08:00:00,MERIDIAN,7.0,DAY,,Conference Room
2015-05-09 11:00:00,DOWNTOWN,3.0,DAY,,Conference Room
2015-05-11 09:00:00,GALLERY,8.5,DAY,HOLD,HUB Oakland Events
2015-05-11 10:00:00,MERIDIAN,3.0,DAY,,Conference Room
2015-05-11 15:00:00,MEDITATION,0.5,DAY,,HUB Oakland Events
2015-05-11 17:30:00,MERIDIAN,4.0,EVENING,,Conference Room
2015-05-11 18:30:00,UPTOWN,2.0,EVENING,,Conference Room
2015-05-12 17:30:00,MERIDIAN,4.0,EVENING,,Conference Room
2015-05-12 18:30:00,GALLERY,3.0,EVENING,,Conference Room
2015-05-13 06:30:00,MERIDIAN,2.0,DAY,HOLD,Conference Room
2015-05-14 09:30:00,UPTOWN,1.5,DAY,,Conference Room
2015-05-14 14:00:00,GALLERY,3.5,DAY,CLOSED,Conference Room
2015-05-14 19:00:00,BROADWAY,3.0,EVENING,,HUB Oakland Events
2015-05-15 12:30:00,KITCHEN,1.0,DAY,,HUB Oakland Events
2015-05-16 19:30:00,BROADWAY,5.5,EVENING,,HUB Oakland Events
2015-05-18 15:00:00,MEDITATION,0.5,DAY,,HUB Oakland Events
2015-05-18 17:30:00,MERIDIAN,4.0,EVENING,,Conference Room
2015-05-18 18:30:00,UPTOWN,2.0,EVENING,,Conference Room
2015-05-19 17:30:00,MERIDIAN,4.0,EVENING,,Conference Room
2015-05-20 09:00:00,MERIDIAN,8.0,DAY,,Conference Room
2015-05-21 09:30:00,UPTOWN,1.5,DAY,,Conference Room
2015-05-21 17:30:00,BROADWAY,4.0,EVENING,HOLD,HUB Oakland Events
2015-05-22 12:30:00,KITCHEN,1.0,DAY,,HUB Oakland Events
2015-05-23 08:30:00,BROADWAY,11.0,DAY,,HUB Oakland Events
2015-05-23 09:30:00,MERIDIAN,8.5,DAY,,Conference Room
2015-05-24 09:30:00,MERIDIAN,8.5,DAY,,Conference Room
2015-05-25 15:00:00,MEDITATION,0.5,DAY,,HUB Oakland Events
2015-05-25 17:30:00,MERIDIAN,4.0,EVENING,,Conference Room
2015-05-25 18:30:00,UPTOWN,2.0,EVENING,HOLD,Conference Room
2015-05-25 18:30:00,BROADWAY,2.0,EVENING,HOLD,Conference Room
2015-05-25 18:30:00,UPTOWN,1.0,EVENING,HOLD,HUB Oakland Events
2015-05-25 18:30:00,BROADWAY,1.0,EVENING,HOLD,HUB Oakland Events
2015-05-26 16:30:00,,1.4166666666666667,DAY,,HUB Oakland Events
2015-05-26 17:30:00,MERIDIAN,4.0,EVENING,,Conference Room
2015-05-28 09:30:00,UPTOWN,1.5,DAY,,Conference Room
2015-05-28 10:00:00,MERIDIAN,10.0,DAY,,Conference Room
2015-05-29 12:30:00,KITCHEN,1.0,DAY,,HUB Oakland Events
2015-05-30 08:30:00,MERIDIAN,9.0,DAY,,Conference Room
2015-05-30 18:00:00,BROADWAY,5.5,EVENING,,HUB Oakland Events
2015-06-01 15:00:00,MEDITATION,0.5,DAY,,HUB Oakland Events
2015-06-01 17:30:00,MERIDIAN,4.0,EVENING,,Conference Room
2015-06-01 18:00:00,DOWNTOWN,2.0,EVENING,,Conference Room
2015-06-01 18:30:00,UPTOWN,2.0,EVENING,,Conference Room
2015-06-02 17:30:00,MERIDIAN,4.0,EVENING,,Conference Room
2015-06-03 17:30:00,MERIDIAN,4.0,EVENING,,Conference Room
2015-06-04 10:00:00,MERIDIAN,10.0,DAY,,Conference Room
2015-06-04 18:00:00,ATRIUM,4.0,EVENING,,HUB Oakland Events
2015-06-05 12:30:00,KITCHEN,1.0,DAY,,HUB Oakland Events
2015-06-08 15:00:00,MEDITATION,0.5,DAY,,HUB Oakland Events
2015-06-08 17:30:00,MERIDIAN,4.0,EVENING,,Conference Room
2015-06-08 18:00:00,GALLERY,2.5,EVENING,,Conference Room
2015-06-08 18:00:00,GALLERY,2.5,EVENING,,Conference Room
2015-06-08 18:00:00,GALLERY,2.5,EVENING,,HUB Oakland Events
2015-06-08 18:00:00,GALLERY,2.5,EVENING,,HUB Oakland Events
2015-06-08 19:00:00,BROADWAY,1.0,EVENING,HOLD,HUB Oakland Events
2015-06-09 10:00:00,UPTOWN,6.0,DAY,,Conference Room
2015-06-09 15:30:00,BROADWAY,7.0,DAY,HOLD,HUB Oakland Events
2015-06-09 15:30:00,BROADWAY,7.0,DAY,HOLD,HUB Oakland Events
2015-06-09 15:30:00,BROADWAY,7.0,DAY,CLOSED,HUB Oakland Events
2015-06-09 15:30:00,MERIDIAN,7.0,DAY,HOLD,HUB Oakland Events
2015-06-09 15:30:00,MERIDIAN,7.0,DAY,HOLD,HUB Oakland Events
2015-06-09 15:30:00,MERIDIAN,7.0,DAY,CLOSED,HUB Oakland Events
2015-06-09 15:30:00,BROADWAY,2.0,DAY,HOLD,Conference Room
2015-06-09 15:30:00,BROADWAY,2.0,DAY,HOLD,Conference Room
2015-06-09 15:30:00,BROADWAY,2.0,DAY,CLOSED,Conference Room
2015-06-09 15:30:00,MERIDIAN,2.0,DAY,HOLD,Conference Room
2015-06-09 15:30:00,MERIDIAN,2.0,DAY,HOLD,Conference Room
2015-06-09 15:30:00,MERIDIAN,2.0,DAY,CLOSED,Conference Room
2015-06-09 17:30:00,MERIDIAN,4.0,EVENING,,Conference Room
2015-06-10 17:30:00,MERIDIAN,4.0,EVENING,,Conference Room
2015-06-11 10:00:00,MERIDIAN,10.0,DAY,,Conference Room
2015-06-11 17:30:00,GALLERY,4.0,EVENING,,HUB Oakland Events
2015-06-12 09:30:00,MERIDIAN,8.5,DAY,,Conference Room
2015-06-12 12:30:00,KITCHEN,1.0,DAY,,HUB Oakland Events
2015-06-13 09:30:00,MERIDIAN,8.5,DAY,,Conference Room
2015-06-13 15:00:00,BROADWAY,9.5,DAY,,HUB Oakland Events
2015-06-14 09:30:00,MERIDIAN,8.5,DAY,,Conference Room
2015-06-15 15:00:00,MEDITATION,0.5,DAY,,HUB Oakland Events
2015-06-15 17:30:00,MERIDIAN,4.0,EVENING,,Conference Room
2015-06-16 17:30:00,MERIDIAN,4.0,EVENING,,Conference Room
2015-06-17 17:30:00,GALLERY,4.0,EVENING,,Conference Room
2015-06-18 09:00:00,EAST_OAK,8.0,DAY,,Conference Room
2015-06-18 10:00:00,MERIDIAN,10.0,DAY,,Conference Room
2015-06-19 08:30:00,MERIDIAN,13.5,DAY,,Conference Room
2015-06-19 12:30:00,KITCHEN,1.0,DAY,,HUB Oakland Events
2015-06-19 17:30:00,BROADWAY,5.5,EVENING,HOLD,HUB Oakland Events
2015-06-19 17:30:00,ATRIUM,5.5,EVENING,HOLD,HUB Oakland Events
2015-06-20 06:00:00,ENTIRE,13.5,DAY,,HUB Oakland Events
2015-06-20 07:30:00,ENTIRE,13.5,DAY,,Conference Room
2015-06-20 08:30:00,MERIDIAN,13.0,DAY,,Conference Room
2015-06-21 07:00:00,ENTIRE,14.5,DAY,HOLD,HUB Oakland Events
2015-06-21 07:30:00,ENTIRE,13.5,DAY,HOLD,Conference Room
2015-06-21 07:30:00,MERIDIAN,13.5,DAY,HOLD,Conference Room
2015-06-21 07:30:00,ENTIRE,14.5,DAY,HOLD,Conference Room
2015-06-21 07:30:00,MERIDIAN,14.5,DAY,HOLD,Conference Room
2015-06-22 15:00:00,MEDITATION,0.5,DAY,,HUB Oakland Events
2015-06-22 17:30:00,MERIDIAN,4.0,EVENING,,Conference Room
2015-06-22 19:00:00,BROADWAY,1.0,EVENING,HOLD,HUB Oakland Events
2015-06-24 17:30:00,MERIDIAN,4.0,EVENING,,Conference Room
2015-06-25 10:00:00,MERIDIAN,10.0,DAY,,Conference Room
2015-06-26 12:30:00,KITCHEN,1.0,DAY,,HUB Oakland Events
2015-06-27 08:00:00,BROADWAY,11.0,DAY,,HUB Oakland Events
2015-06-27 09:00:00,MERIDIAN,8.0,DAY,,Conference Room
2015-06-28 08:00:00,BROADWAY,11.0,DAY,,HUB Oakland Events
2015-06-28 09:00:00,DOWNTOWN,8.0,DAY,,HUB Oakland Events
2015-06-29 15:00:00,MEDITATION,0.5,DAY,,HUB Oakland Events
2015-06-29 17:30:00,MERIDIAN,4.0,EVENING,,Conference Room
2015-07-01 17:30:00,MERIDIAN,4.0,EVENING,,Conference Room
2015-07-02 10:00:00,MERIDIAN,10.0,DAY,,Conference Room
2015-07-03 12:30:00,KITCHEN,1.0,DAY,,HUB Oakland Events
2015-07-03 18:00:00,GALLERY,4.0,EVENING,,Conference Room
2015-07-06 17:30:00,MERIDIAN,4.0,EVENING,,Conference Room
2015-07-08 17:30:00,MERIDIAN,4.0,EVENING,,Conference Room
2015-07-09 10:00:00,MERIDIAN,10.0,DAY,,Conference Room
2015-07-10 12:30:00,KITCHEN,1.0,DAY,,HUB Oakland Events
2015-07-10 13:30:00,MERIDIAN,8.0,DAY,,Conference Room
2015-07-11 09:30:00,MERIDIAN,8.5,DAY,,Conference Room
2015-07-12 09:30:00,MERIDIAN,8.5,DAY,,Conference Room
2015-07-15 17:30:00,MERIDIAN,4.0,EVENING,,Conference Room
2015-07-16 10:00:00,MERIDIAN,10.0,DAY,,Conference Room
2015-07-17 12:30:00,KITCHEN,1.0,DAY,,HUB Oakland Events
2015-07-18 09:00:00,MERIDIAN,8.0,DAY,,Conference Room
2015-07-18 11:00:00,ENTIRE,2.0,DAY,HOLD,HUB Oakland Events
2015-07-18 13:00:00,ENTIRE,4.0,DAY,HOLD,HUB Oakland Events
2015-07-18 17:00:00,ENTIRE,2.0,DAY,HOLD,HUB Oakland Events
2015-07-22 17:30:00,MERIDIAN,4.0,EVENING,,Conference Room
2015-07-23 10:00:00,MERIDIAN,10.0,DAY,,Conference Room
2015-07-23 13:00:00,DOWNTOWN,3.0,DAY,,Conference Room
2015-07-24 12:30:00,KITCHEN,1.0,DAY,,HUB Oakland Events
2015-07-29 17:30:00,MERIDIAN,4.0,EVENING,,Conference Room
2015-07-29 18:30:00,GALLERY,2.0,EVENING,,Conference Room
2015-07-30 10:00:00,MERIDIAN,10.0,DAY,,Conference Room
2015-07-30 13:00:00,DOWNTOWN,3.0,DAY,,Conference Room
2015-07-31 09:30:00,MERIDIAN,8.0,DAY,,Conference Room
2015-07-31 12:30:00,KITCHEN,1.0,DAY,,HUB Oakland Events
2015-08-01 08:30:00,GALLERY,9.0,DAY,,Conference Room
2015-08-01 09:30:00,MERIDIAN,8.5,DAY,,Conference Room
2015-08-02 09:30:00,MERIDIAN,8.5,DAY,,Conference Room
2015-08-03 17:30:00,MERIDIAN,4.0,EVENING,,Conference Room
2015-08-03 19:00:00,BROADWAY,1.0,EVENING,HOLD,HUB Oakland Events
2015-08-05 17:30:00,MERIDIAN,4.0,EVENING,,Conference Room
2015-08-05 18:00:00,GALLERY,2.5,EVENING,HOLD,Conference Room
2015-08-06 10:00:00,MERIDIAN,10.0,DAY,,Conference Room
2015-08-06 13:00:00,DOWNTOWN,3.0,DAY,,Conference Room
2015-08-06 20:00:00,GALLERY,1.0,EVENING,,HUB Oakland Events
2015-08-07 12:30:00,KITCHEN,1.0,DAY,,HUB Oakland Events
2015-08-07 18:00:00,GALLERY,3.5,EVENING,,HUB Oakland Events
2015-08-08 10:00:00,,14.0,DAY,HOLD,HUB Oakland Events
2015-08-09 08:30:00,MERIDIAN,10.0,DAY,,Conference Room
2015-08-10 17:30:00,MERIDIAN,4.0,EVENING,,Conference Room
2015-08-11 18:30:00,GALLERY,3.0,EVENING,,Conference Room
2015-08-13 10:00:00,MERIDIAN,10.0,DAY,,Conference Room
2015-08-13 13:00:00,DOWNTOWN,3.0,DAY,,Conference Room
2015-08-13 17:30:00,GALLERY,3.5,EVENING,,HUB Oakland Events
2015-08-14 12:30:00,KITCHEN,1.0,DAY,,HUB Oakland Events
2015-08-14 18:00:00,BROADWAY,4.0,EVENING,HOLD,HUB Oakland Events
2015-08-15 08:30:00,MERIDIAN,9.0,DAY,,Conference Room
2015-08-15 09:00:00,BROADWAY,8.0,DAY,HOLD,HUB Oakland Events
2015-08-17 17:30:00,MERIDIAN,4.0,EVENING,,Conference Room
2015-08-17 19:00:00,BROADWAY,1.0,EVENING,HOLD,HUB Oakland Events
2015-08-20 10:00:00,MERIDIAN,10.0,DAY,,Conference Room
2015-08-20 13:00:00,DOWNTOWN,3.0,DAY,,Conference Room
2015-08-21 09:30:00,MERIDIAN,8.5,DAY,,Conference Room
2015-08-21 12:30:00,KITCHEN,1.0,DAY,,HUB Oakland Events
2015-08-22 09:30:00,MERIDIAN,8.5,DAY,,Conference Room
2015-08-23 09:30:00,MERIDIAN,8.5,DAY,,Conference Room
2015-08-24 17:30:00,MERIDIAN,4.0,EVENING,,Conference Room
2015-08-27 10:00:00,MERIDIAN,10.0,DAY,,Conference Room
2015-08-27 13:00:00,DOWNTOWN,3.0,DAY,,Conference Room
2015-08-28 12:30:00,KITCHEN,1.0,DAY,,HUB Oakland Events
2015-08-31 17:30:00,MERIDIAN,4.0,EVENING,,Conference Room
2015-08-31 19:00:00,BROADWAY,1.0,EVENING,HOLD,HUB Oakland Events
2015-09-03 10:00:00,MERIDIAN,10.0,DAY,,Conference Room
2015-09-04 12:30:00,KITCHEN,1.0,DAY,,HUB Oakland Events
2015-09-04 18:00:00,GALLERY,4.0,EVENING,,Conference Room
2015-09-10 10:00:00,MERIDIAN,10.0,DAY,,Conference Room
2015-09-10 19:00:00,BROADWAY,4.0,EVENING,HOLD,HUB Oakland Events
2015-09-11 09:30:00,MERIDIAN,8.5,DAY,,Conference Room
2015-09-11 12:30:00,KITCHEN,1.0,DAY,,HUB Oakland Events
2015-09-11 19:00:00,BROADWAY,4.0,EVENING,HOLD,HUB Oakland Events
2015-09-12 08:00:00,MERIDIAN,10.0,DAY,,Conference Room
2015-09-13 10:00:00,MERIDIAN,7.5,DAY,,Conference Room
2015-09-14 17:30:00,MERIDIAN,4.0,EVENING,,Conference Room
2015-09-15 18:30:00,MERIDIAN,3.0,EVENING,HOLD,Conference Room
2015-09-16 17:00:00,GALLERY,29.0,DAY,,Conference Room
2015-09-17 10:00:00,MERIDIAN,10.0,DAY,,Conference Room
2015-09-18 12:30:00,KITCHEN,1.0,DAY,,HUB Oakland Events
2015-09-18 19:00:00,BROADWAY,4.0,EVENING,HOLD,HUB Oakland Events
2015-09-20 09:00:00,MERIDIAN,8.0,DAY,HOLD,Conference Room
2015-09-21 17:30:00,MERIDIAN,4.0,EVENING,,Conference Room
2015-09-22 18:30:00,MERIDIAN,3.0,EVENING,HOLD,Conference Room
2015-09-23 17:00:00,MERIDIAN,29.0,DAY,,Conference Room
2015-09-24 10:00:00,MERIDIAN,10.0,DAY,,Conference Room
2015-09-24 18:00:00,BROADWAY,3.0,EVENING,HOLD,HUB Oakland Events
2015-09-25 12:30:00,KITCHEN,1.0,DAY,,HUB Oakland Events
2015-09-25 16:00:00,BROADWAY,7.5,DAY,HOLD,HUB Oakland Events
2015-09-26 09:00:00,BROADWAY,9.0,DAY,HOLD,HUB Oakland Events
2015-09-27 09:00:00,BROADWAY,9.0,DAY,HOLD,HUB Oakland Events
2015-09-27 09:00:00,BROADWAY,9.0,DAY,HOLD,HUB Oakland Events
2015-09-27 09:00:00,MERIDIAN,9.0,DAY,HOLD,HUB Oakland Events
2015-09-27 09:00:00,MERIDIAN,9.0,DAY,HOLD,HUB Oakland Events
2015-09-27 09:00:00,BROADWAY,8.0,DAY,HOLD,Conference Room
2015-09-27 09:00:00,BROADWAY,8.0,DAY,HOLD,Conference Room
2015-09-27 09:00:00,MERIDIAN,8.0,DAY,HOLD,Conference Room
2015-09-27 09:00:00,MERIDIAN,8.0,DAY,HOLD,Conference Room
2015-09-28 17:30:00,MERIDIAN,4.0,EVENING,,Conference Room
2015-09-29 18:30:00,MERIDIAN,3.0,EVENING,HOLD,Conference Room
2015-09-30 17:00:00,MERIDIAN,5.0,DAY,,Conference Room
2015-10-01 10:00:00,MERIDIAN,10.0,DAY,,Conference Room
2015-10-02 12:30:00,KITCHEN,1.0,DAY,,HUB Oakland Events
2015-10-02 18:00:00,GALLERY,4.0,EVENING,,Conference Room
2015-10-03 17:00:00,BROADWAY,5.0,DAY,HOLD,HUB Oakland Events
2015-10-04 09:00:00,MERIDIAN,8.0,DAY,HOLD,Conference Room
2015-10-05 17:30:00,MERIDIAN,4.0,EVENING,,Conference Room
2015-10-06 00:00:00,,96.0,DAY,,HUB Oakland Events
2015-10-06 18:30:00,MERIDIAN,3.0,EVENING,HOLD,Conference Room
2015-10-07 17:00:00,MERIDIAN,5.0,DAY,,Conference Room
2015-10-08 10:00:00,MERIDIAN,10.0,DAY,,Conference Room
2015-10-09 12:30:00,KITCHEN,1.0,DAY,,HUB Oakland Events
2015-10-10 10:00:00,BROADWAY,32.0,DAY,HOLD,HUB Oakland Events
2015-10-10 19:00:00,BROADWAY,3.0,EVENING,HOLD,HUB Oakland Events
2015-10-10 19:00:00,ATRIUM,3.0,EVENING,HOLD,HUB Oakland Events
2015-10-11 09:00:00,MERIDIAN,8.0,DAY,HOLD,Conference Room
2015-10-11 17:00:00,BROADWAY,5.0,DAY,HOLD,HUB Oakland Events
2015-10-11 17:00:00,ATRIUM,5.0,DAY,HOLD,HUB Oakland Events
2015-10-12 17:30:00,MERIDIAN,4.0,EVENING,,Conference Room
2015-10-13 18:30:00,MERIDIAN,3.0,EVENING,HOLD,Conference Room
2015-10-14 17:00:00,MERIDIAN,5.0,DAY,,Conference Room
2015-10-15 10:00:00,MERIDIAN,10.0,DAY,,Conference Room
2015-10-15 18:30:00,BROADWAY,2.0,EVENING,,HUB Oakland Events
2015-10-15 18:30:00,GALLERY,2.0,EVENING,,HUB Oakland Events
2015-10-15 18:30:00,BROADWAY,2.0,EVENING,,HUB Oakland Events
2015-10-15 18:30:00,GALLERY,2.0,EVENING,,HUB Oakland Events
2015-10-16 12:30:00,KITCHEN,1.0,DAY,,HUB Oakland Events
2015-10-16 17:30:00,GALLERY,1.0,EVENING,HOLD,HUB Oakland Events
2015-10-16 18:30:00,BROADWAY,3.5,EVENING,HOLD,HUB Oakland Events
2015-10-18 08:30:00,BROADWAY,10.5,DAY,HOLD,HUB Oakland Events
2015-10-18 08:30:00,GALLERY,10.5,DAY,HOLD,HUB Oakland Events
2015-10-18 08:30:00,ATRIUM,10.5,DAY,HOLD,HUB Oakland Events
2015-10-18 09:00:00,MERIDIAN,8.0,DAY,HOLD,Conference Room
2015-10-21 17:00:00,GALLERY,5.0,DAY,,Conference Room
2015-10-22 10:00:00,MERIDIAN,10.0,DAY,,Conference Room
2015-10-22 19:00:00,BROADWAY,3.0,EVENING,HOLD,HUB Oakland Events
2015-10-23 12:30:00,KITCHEN,1.0,DAY,,HUB Oakland Events
2015-10-23 18:00:00,ATRIUM,4.0,EVENING,,HUB Oakland Events
2015-10-24 08:30:00,MERIDIAN,10.0,DAY,,Conference Room
2015-10-24 09:00:00,ATRIUM,11.0,DAY,,HUB Oakland Events
2015-10-25 09:00:00,MERIDIAN,8.0,DAY,HOLD,Conference Room
2015-10-27 18:30:00,GALLERY,3.0,EVENING,,Conference Room
2015-10-28 16:00:00,MERIDIAN,1.0,DAY,,Conference Room
2015-10-29 10:00:00,MERIDIAN,10.0,DAY,,Conference Room
2015-10-30 12:30:00,KITCHEN,1.0,DAY,,HUB Oakland Events
2015-11-03 18:30:00,MERIDIAN,3.0,EVENING,HOLD,Conference Room
2015-11-04 17:00:00,MERIDIAN,5.0,DAY,,Conference Room
2015-11-05 10:00:00,MERIDIAN,10.0,DAY,,Conference Room
2015-11-05 18:30:00,BROADWAY,2.0,EVENING,HOLD,HUB Oakland Events
2015-11-05 18:30:00,DOWNTOWN,2.0,EVENING,HOLD,HUB Oakland Events
2015-11-06 12:30:00,KITCHEN,1.0,DAY,,HUB Oakland Events
2015-11-06 18:00:00,GALLERY,4.0,EVENING,,HUB Oakland Events
2015-11-08 09:00:00,MERIDIAN,8.0,DAY,HOLD,Conference Room
2015-11-10 18:30:00,MERIDIAN,3.0,EVENING,HOLD,Conference Room
2015-11-11 17:00:00,MERIDIAN,5.0,DAY,,Conference Room
2015-11-12 10:00:00,MERIDIAN,10.0,DAY,,Conference Room
2015-11-12 18:30:00,BROADWAY,4.0,EVENING,HOLD,HUB Oakland Events
2015-11-12 18:30:00,ATRIUM,4.0,EVENING,HOLD,HUB Oakland Events
2015-11-13 12:30:00,KITCHEN,1.0,DAY,,HUB Oakland Events
2015-11-15 09:00:00,MERIDIAN,8.0,DAY,HOLD,Conference Room
2015-11-18 17:00:00,MERIDIAN,5.0,DAY,,Conference Room
2015-11-19 10:00:00,MERIDIAN,10.0,DAY,,Conference Room
2015-11-20 12:30:00,KITCHEN,1.0,DAY,,HUB Oakland Events
2015-11-22 09:00:00,MERIDIAN,8.0,DAY,HOLD,Conference Room
2015-11-26 10:00:00,MERIDIAN,10.0,DAY,,Conference Room
2015-11-27 12:30:00,KITCHEN,1.0,DAY,,HUB Oakland Events
2015-12-03 10:00:00,MERIDIAN,10.0,DAY,,Conference Room
2015-12-04 12:30:00,KITCHEN,1.0,DAY,,HUB Oakland Events
2015-12-04 18:00:00,GALLERY,4.0,EVENING,,HUB Oakland Events
2015-12-10 10:00:00,MERIDIAN,10.0,DAY,,Conference Room
2015-12-11 12:30:00,KITCHEN,1.0,DAY,,HUB Oakland Events
2015-12-12 08:00:00,MERIDIAN,10.0,DAY,,Conference Room
2015-12-17 10:00:00,MERIDIAN,10.0,DAY,,Conference Room
2015-12-18 12:30:00,KITCHEN,1.0,DAY,,HUB Oakland Events
2015-12-24 10:00:00,MERIDIAN,10.0,DAY,,Conference Room
2015-12-25 12:30:00,KITCHEN,1.0,DAY,,HUB Oakland Events
